{"resourceType":"CodeSystem","id":"codesystem-altcode-kind","meta":{"lastUpdated":"2023-01-31T07:07:38.434+11:00","profile":["http://hl7.org/fhir/StructureDefinition/shareablecodesystem"]},"text":{"status":"generated","div":"<div xmlns=\"http://www.w3.org/1999/xhtml\"><p>This code system <code>http://hl7.org/fhir/codesystem-altcode-kind</code> defines the following codes:</p><table class=\"codes\"><tr><td style=\"white-space:nowrap\"><b>Code</b></td><td><b>Display</b></td><td><b>Definition</b></td></tr><tr><td style=\"white-space:nowrap\">alternate<a name=\"codesystem-altcode-kind-alternate\"> </a></td><td>Alternate Code</td><td>The code is an alternative code that can be used in any of the circumstances that the primary code can be used.</td></tr><tr><td style=\"white-space:nowrap\">deprecated<a name=\"codesystem-altcode-kind-deprecated\"> </a></td><td>Deprecated</td><td>The code should no longer be used, but was used in the past.</td></tr><tr><td style=\"white-space:nowrap\">case-insensitive<a name=\"codesystem-altcode-kind-case-insensitive\"> </a></td><td>Case Insensitive</td><td>The code is an alternative to be used when a case insensitive code is required (when the primary codes are case sensitive).</td></tr><tr><td style=\"white-space:nowrap\">case-sensitive<a name=\"codesystem-altcode-kind-case-sensitive\"> </a></td><td>Case Sensitive</td><td>The code is an alternative to be used when a case sensitive code is required (when the primary codes are case insensitive).</td></tr><tr><td style=\"white-space:nowrap\">expression<a name=\"codesystem-altcode-kind-expression\"> </a></td><td>Expression</td><td>The code is an alternative for the primary code that is built using the expression grammar defined by the code system.</td></tr></table></div>"},"extension":[{"url":"http://hl7.org/fhir/StructureDefinition/structuredefinition-wg","valueCode":"vocab"},{"url":"http://hl7.org/fhir/StructureDefinition/structuredefinition-standards-status","valueCode":"trial-use"},{"url":"http://hl7.org/fhir/StructureDefinition/structuredefinition-fmm","valueInteger":2}],"url":"http://hl7.org/fhir/codesystem-altcode-kind","identifier":[{"system":"urn:ietf:rfc:3986","value":"urn:oid:2.16.840.1.113883.4.642.4.2004"}],"version":"1.0.0","name":"AlternativeCodeKind","title":"alternative code kind","status":"draft","experimental":false,"date":"2023-03-26T08:47:34+11:00","publisher":"HL7 International / FHIR Infrastructure","contact":[{"telecom":[{"system":"url","value":"http://hl7.org/Special/committees/fhir-i"}]}],"description":"AlternativeCodeKind","jurisdiction":[{"coding":[{"system":"http://unstats.un.org/unsd/methods/m49/m49.htm","code":"001"}]}],"caseSensitive":true,"content":"complete","concept":[{"code":"alternate","display":"Alternate Code","definition":"The code is an alternative code that can be used in any of the circumstances that the primary code can be used."},{"code":"deprecated","display":"Deprecated","definition":"The code should no longer be used, but was used in the past."},{"code":"case-insensitive","display":"Case Insensitive","definition":"The code is an alternative to be used when a case insensitive code is required (when the primary codes are case sensitive)."},{"code":"case-sensitive","display":"Case Sensitive","definition":"The code is an alternative to be used when a case sensitive code is required (when the primary codes are case insensitive)."},{"code":"expression","display":"Expression","definition":"The code is an alternative for the primary code that is built using the expression grammar defined by the code system."}]}