{"resourceType":"CodeSystem","id":"artifact-comment-type","meta":{"lastUpdated":"2023-01-31T07:07:38.434+11:00","profile":["http://hl7.org/fhir/StructureDefinition/shareablecodesystem"]},"text":{"status":"generated","div":"<div xmlns=\"http://www.w3.org/1999/xhtml\"><p>This code system <code>http://hl7.org/fhir/CodeSystem/artifact-comment-type</code> defines the following codes:</p><table class=\"codes\"><tr><td style=\"white-space:nowrap\"><b>Code</b></td><td><b>Display</b></td><td><b>Definition</b></td></tr><tr><td style=\"white-space:nowrap\">documentation<a name=\"artifact-comment-type-documentation\"> </a></td><td>Documentation</td><td>The comment is providing additional documentation from an authoring perspective</td></tr><tr><td style=\"white-space:nowrap\">review<a name=\"artifact-comment-type-review\"> </a></td><td>Review</td><td>The comment is providing feedback from a reviewer and requires resolution</td></tr><tr><td style=\"white-space:nowrap\">guidance<a name=\"artifact-comment-type-guidance\"> </a></td><td>Guidance</td><td>The comment is providing usage guidance to an artifact consumer</td></tr></table></div>"},"extension":[{"url":"http://hl7.org/fhir/StructureDefinition/structuredefinition-standards-status","valueCode":"trial-use"},{"url":"http://hl7.org/fhir/StructureDefinition/structuredefinition-fmm","valueInteger":2}],"url":"http://hl7.org/fhir/CodeSystem/artifact-comment-type","identifier":[{"system":"urn:ietf:rfc:3986","value":"urn:oid:2.16.840.1.113883.4.642.4.1463"}],"version":"1.0.0","name":"ArtifactCommentType","title":"Artifact comment type","status":"draft","experimental":false,"date":"2019-03-14T23:21:03-06:00","publisher":"HL7 International / FHIR Infrastructure","contact":[{"telecom":[{"system":"url","value":"http://hl7.org/Special/committees/fhir-i"}]}],"description":"The type of artifact comment (documentation, review, guidance)","jurisdiction":[{"coding":[{"system":"http://unstats.un.org/unsd/methods/m49/m49.htm","code":"001"}]}],"caseSensitive":true,"valueSet":"http://hl7.org/fhir/ValueSet/artifact-comment-type","content":"complete","concept":[{"code":"documentation","display":"Documentation","definition":"The comment is providing additional documentation from an authoring perspective"},{"code":"review","display":"Review","definition":"The comment is providing feedback from a reviewer and requires resolution"},{"code":"guidance","display":"Guidance","definition":"The comment is providing usage guidance to an artifact consumer"}]}