{"resourceType":"CodeSystem","id":"expansion-parameter-source","meta":{"lastUpdated":"2023-01-31T07:07:38.434+11:00","profile":["http://hl7.org/fhir/StructureDefinition/shareablecodesystem"]},"text":{"status":"generated","div":"<div xmlns=\"http://www.w3.org/1999/xhtml\"><p>This code system <code>http://hl7.org/fhir/expansion-parameter-source</code> defines the following codes:</p><table class=\"codes\"><tr><td style=\"white-space:nowrap\"><b>Code</b></td><td><b>Display</b></td><td><b>Definition</b></td></tr><tr><td style=\"white-space:nowrap\">input<a name=\"expansion-parameter-source-input\"> </a></td><td>Client Input</td><td>The parameter was supplied by the client in the $expand request.</td></tr><tr><td style=\"white-space:nowrap\">server<a name=\"expansion-parameter-source-server\"> </a></td><td>Server Engine</td><td>The parameter was added by the expansion engine on the server.</td></tr><tr><td style=\"white-space:nowrap\">codesystem<a name=\"expansion-parameter-source-codesystem\"> </a></td><td>Code System</td><td>The parameter was added from one the code systems used in the $expand operation.</td></tr></table></div>"},"extension":[{"url":"http://hl7.org/fhir/StructureDefinition/structuredefinition-wg","valueCode":"vocab"},{"url":"http://hl7.org/fhir/StructureDefinition/structuredefinition-standards-status","valueCode":"trial-use"},{"url":"http://hl7.org/fhir/StructureDefinition/structuredefinition-fmm","valueInteger":2}],"url":"http://hl7.org/fhir/expansion-parameter-source","identifier":[{"system":"urn:ietf:rfc:3986","value":"urn:oid:2.16.840.1.113883.4.642.4.2015"}],"version":"1.0.0","name":"ExpansionParameterSource","title":"expansion parameter source","status":"draft","experimental":false,"date":"2023-03-26T08:47:34+11:00","publisher":"HL7 International / FHIR Infrastructure","contact":[{"telecom":[{"system":"url","value":"http://hl7.org/Special/committees/fhir-i"}]}],"description":"ExpansionParameterSource","jurisdiction":[{"coding":[{"system":"http://unstats.un.org/unsd/methods/m49/m49.htm","code":"001"}]}],"caseSensitive":true,"content":"complete","concept":[{"code":"input","display":"Client Input","definition":"The parameter was supplied by the client in the $expand request."},{"code":"server","display":"Server Engine","definition":"The parameter was added by the expansion engine on the server."},{"code":"codesystem","display":"Code System","definition":"The parameter was added from one the code systems used in the $expand operation."}]}