{"resourceType":"CodeSystem","id":"flag-priority-code","meta":{"lastUpdated":"2023-01-31T07:07:38.434+11:00","profile":["http://hl7.org/fhir/StructureDefinition/shareablecodesystem"]},"text":{"status":"generated","div":"<div xmlns=\"http://www.w3.org/1999/xhtml\"><p>This code system <code>http://hl7.org/fhir/flag-priority-code</code> defines the following codes:</p><table class=\"codes\"><tr><td style=\"white-space:nowrap\"><b>Code</b></td><td><b>Display</b></td><td><b>Definition</b></td></tr><tr><td style=\"white-space:nowrap\">PN<a name=\"flag-priority-code-PN\"> </a></td><td>No alarm</td><td>No alarm.</td></tr><tr><td style=\"white-space:nowrap\">PL<a name=\"flag-priority-code-PL\"> </a></td><td>Low priority</td><td>Low priority.</td></tr><tr><td style=\"white-space:nowrap\">PM<a name=\"flag-priority-code-PM\"> </a></td><td>Medium priority</td><td>Medium priority.</td></tr><tr><td style=\"white-space:nowrap\">PH<a name=\"flag-priority-code-PH\"> </a></td><td>High priority</td><td>High priority.</td></tr></table></div>"},"extension":[{"url":"http://hl7.org/fhir/StructureDefinition/structuredefinition-wg","valueCode":"pc"},{"url":"http://hl7.org/fhir/StructureDefinition/structuredefinition-standards-status","valueCode":"trial-use"},{"url":"http://hl7.org/fhir/StructureDefinition/structuredefinition-fmm","valueInteger":3}],"url":"http://hl7.org/fhir/flag-priority-code","identifier":[{"system":"urn:ietf:rfc:3986","value":"urn:oid:2.16.840.1.113883.4.642.4.951"},{"use":"old","system":"urn:ietf:rfc:3986","value":"urn:oid:2.16.840.1.113883.4.642.1.868"},{"use":"old","system":"urn:ietf:rfc:3986","value":"urn:oid:2.16.840.1.113883.4.642.2.433"}],"version":"1.0.0","name":"FlagPriorityCodes","title":"Flag Priority Codes","status":"active","experimental":false,"date":"2023-03-26T08:47:34+11:00","publisher":"HL7 International / FHIR Infrastructure","contact":[{"telecom":[{"system":"url","value":"http://hl7.org/Special/committees/fhir-i"}]}],"description":"This value set is provided as an exemplar. The value set is driven by IHE Table B.8-4: Abnormal Flags, Alert Priority.","jurisdiction":[{"coding":[{"system":"http://unstats.un.org/unsd/methods/m49/m49.htm","code":"001"}]}],"caseSensitive":true,"content":"complete","concept":[{"code":"PN","display":"No alarm","definition":"No alarm."},{"code":"PL","display":"Low priority","definition":"Low priority."},{"code":"PM","display":"Medium priority","definition":"Medium priority."},{"code":"PH","display":"High priority","definition":"High priority."}]}