{"resourceType":"CodeSystem","id":"capabilitystatement-search-mode","meta":{"lastUpdated":"2023-01-31T07:07:38.434+11:00","profile":["http://hl7.org/fhir/StructureDefinition/shareablecodesystem"]},"text":{"status":"generated","div":"<div xmlns=\"http://www.w3.org/1999/xhtml\"><p>This code system <code>http://hl7.org/fhir/capabilitystatement-search-mode</code> defines the following codes:</p><table class=\"codes\"><tr><td style=\"white-space:nowrap\"><b>Code</b></td><td><b>Definition</b></td></tr><tr><td style=\"white-space:nowrap\">GET<a name=\"capabilitystatement-search-mode-GET\"> </a></td><td>The server only supports search using HTTP GET.</td></tr><tr><td style=\"white-space:nowrap\">POST<a name=\"capabilitystatement-search-mode-POST\"> </a></td><td>The server only supports search using HTTP POST.</td></tr><tr><td style=\"white-space:nowrap\">both<a name=\"capabilitystatement-search-mode-both\"> </a></td><td>The server supports search using both HTTP GET and POST.</td></tr></table></div>"},"extension":[{"url":"http://hl7.org/fhir/StructureDefinition/structuredefinition-wg","valueCode":"vocab"},{"url":"http://hl7.org/fhir/StructureDefinition/structuredefinition-standards-status","valueCode":"draft"}],"url":"http://hl7.org/fhir/capabilitystatement-search-mode","identifier":[{"system":"urn:ietf:rfc:3986","value":"urn:oid:2.16.840.1.113883.4.642.4.2122"}],"version":"1.0.0","name":"CSSearchModeCS","title":"CapabilityStatement Search Mode CodeSystem","status":"draft","experimental":true,"date":"2023-03-26T08:47:34+11:00","publisher":"HL7 International / FHIR Infrastructure","contact":[{"telecom":[{"system":"url","value":"http://hl7.org/Special/committees/fhir-i"}]}],"description":"Which search modes a server supports: GET, POST, or both","jurisdiction":[{"coding":[{"system":"http://unstats.un.org/unsd/methods/m49/m49.htm","code":"001"}]}],"caseSensitive":true,"content":"complete","concept":[{"code":"GET","display":"GET","definition":"The server only supports search using HTTP GET."},{"code":"POST","display":"POST","definition":"The server only supports search using HTTP POST."},{"code":"both","display":"both","definition":"The server supports search using both HTTP GET and POST."}]}