{"resourceType":"CodeSystem","id":"goal-acceptance-status","meta":{"lastUpdated":"2023-01-31T07:07:38.434+11:00","profile":["http://hl7.org/fhir/StructureDefinition/shareablecodesystem"]},"text":{"status":"generated","div":"<div xmlns=\"http://www.w3.org/1999/xhtml\"><p>This code system <code>http://hl7.org/fhir/goal-acceptance-status</code> defines the following codes:</p><table class=\"codes\"><tr><td style=\"white-space:nowrap\"><b>Code</b></td><td><b>Display</b></td><td><b>Definition</b></td></tr><tr><td style=\"white-space:nowrap\">agree<a name=\"goal-acceptance-status-agree\"> </a></td><td>Agree</td><td>Stakeholder supports pursuit of the goal.</td></tr><tr><td style=\"white-space:nowrap\">disagree<a name=\"goal-acceptance-status-disagree\"> </a></td><td>Disagree</td><td>Stakeholder is not in support of the pursuit of the goal.</td></tr><tr><td style=\"white-space:nowrap\">pending<a name=\"goal-acceptance-status-pending\"> </a></td><td>Pending</td><td>Stakeholder has not yet made a decision on whether they support the goal.</td></tr></table></div>"},"extension":[{"url":"http://hl7.org/fhir/StructureDefinition/structuredefinition-wg","valueCode":"pc"},{"url":"http://hl7.org/fhir/StructureDefinition/structuredefinition-standards-status","valueCode":"trial-use"},{"url":"http://hl7.org/fhir/StructureDefinition/structuredefinition-fmm","valueInteger":2}],"url":"http://hl7.org/fhir/goal-acceptance-status","identifier":[{"system":"urn:ietf:rfc:3986","value":"urn:oid:2.16.840.1.113883.4.642.1.1270"},{"use":"old","system":"urn:ietf:rfc:3986","value":"urn:oid:2.16.840.1.113883.4.642.1.837"},{"use":"old","system":"urn:ietf:rfc:3986","value":"urn:oid:2.16.840.1.113883.4.642.2.431"}],"version":"1.0.0","name":"GoalAcceptanceStatus","title":"goal acceptance status","status":"draft","experimental":false,"date":"2023-03-26T08:47:34+11:00","publisher":"HL7 International / FHIR Infrastructure","contact":[{"telecom":[{"system":"url","value":"http://hl7.org/Special/committees/fhir-i"}]}],"description":"GoalAcceptanceStatus","jurisdiction":[{"coding":[{"system":"http://unstats.un.org/unsd/methods/m49/m49.htm","code":"001"}]}],"caseSensitive":true,"content":"complete","concept":[{"code":"agree","display":"Agree","definition":"Stakeholder supports pursuit of the goal."},{"code":"disagree","display":"Disagree","definition":"Stakeholder is not in support of the pursuit of the goal."},{"code":"pending","display":"Pending","definition":"Stakeholder has not yet made a decision on whether they support the goal."}]}