{"resourceType":"CodeSystem","id":"knowledge-capability","meta":{"lastUpdated":"2023-01-31T07:07:38.434+11:00","profile":["http://hl7.org/fhir/StructureDefinition/shareablecodesystem"]},"text":{"status":"generated","div":"<div xmlns=\"http://www.w3.org/1999/xhtml\"><p>This code system <code>http://hl7.org/fhir/CodeSystem/knowledge-capability</code> defines the following codes:</p><table class=\"codes\"><tr><td style=\"white-space:nowrap\"><b>Code</b></td><td><b>Display</b></td><td><b>Definition</b></td></tr><tr><td style=\"white-space:nowrap\">shareable<a name=\"knowledge-capability-shareable\"> </a></td><td>Shareable</td><td>The artifact provides essential information necessary to ensure the artifact can be reliably shared in a public repository as a FHIR resource.</td></tr><tr><td style=\"white-space:nowrap\">computable<a name=\"knowledge-capability-computable\"> </a></td><td>Computable</td><td>The artifact provides at least machine-readable capability (i.e. it does not _only_ have narrative or unstructured elements). This capability can also be characterized as the artifact provides design-time capability, for example, an artifact is computable if it contains semantically verified CQL logic.</td></tr><tr><td style=\"white-space:nowrap\">publishable<a name=\"knowledge-capability-publishable\"> </a></td><td>Publishable</td><td>The artifact provides information necessary to provide content management capability, including dependency management, artifact lifecycle, and publishing and repository metadata.</td></tr><tr><td style=\"white-space:nowrap\">executable<a name=\"knowledge-capability-executable\"> </a></td><td>Executable</td><td>The artifact is guaranteed to have the elements required to support execution of at least one run-time operation appropriate for the type of artifact. This capability can also be characterized as the artifact provides run-time capability, for example, an artifact is executable if it contains compiled ELM logic.</td></tr></table></div>"},"extension":[{"url":"http://hl7.org/fhir/StructureDefinition/cqf-knowledgeCapability","valueCode":"shareable"},{"url":"http://hl7.org/fhir/StructureDefinition/cqf-knowledgeCapability","valueCode":"computable"},{"url":"http://hl7.org/fhir/StructureDefinition/cqf-knowledgeCapability","valueCode":"publishable"},{"url":"http://hl7.org/fhir/StructureDefinition/cqf-knowledgeRepresentationLevel","valueCode":"structured"},{"url":"http://hl7.org/fhir/StructureDefinition/structuredefinition-standards-status","valueCode":"trial-use"},{"url":"http://hl7.org/fhir/StructureDefinition/structuredefinition-fmm","valueInteger":2}],"url":"http://hl7.org/fhir/CodeSystem/knowledge-capability","identifier":[{"system":"urn:ietf:rfc:3986","value":"urn:oid:2.16.840.1.113883.4.642.4.1859"}],"version":"1.0.0","name":"KnowledgeCapability","title":"Knowledge Capability","status":"draft","experimental":false,"date":"2019-05-08","publisher":"HL7 International / FHIR Infrastructure","contact":[{"telecom":[{"system":"url","value":"http://hl7.org/Special/committees/fhir-i"}]}],"description":"A capability afforded by a knowledge artifact.","jurisdiction":[{"coding":[{"system":"http://unstats.un.org/unsd/methods/m49/m49.htm","code":"001"}]}],"caseSensitive":true,"valueSet":"http://hl7.org/fhir/ValueSet/knowledge-capability","content":"complete","concept":[{"code":"shareable","display":"Shareable","definition":"The artifact provides essential information necessary to ensure the artifact can be reliably shared in a public repository as a FHIR resource."},{"code":"computable","display":"Computable","definition":"The artifact provides at least machine-readable capability (i.e. it does not _only_ have narrative or unstructured elements). This capability can also be characterized as the artifact provides design-time capability, for example, an artifact is computable if it contains semantically verified CQL logic."},{"code":"publishable","display":"Publishable","definition":"The artifact provides information necessary to provide content management capability, including dependency management, artifact lifecycle, and publishing and repository metadata."},{"code":"executable","display":"Executable","definition":"The artifact is guaranteed to have the elements required to support execution of at least one run-time operation appropriate for the type of artifact. This capability can also be characterized as the artifact provides run-time capability, for example, an artifact is executable if it contains compiled ELM logic."}]}