{"resourceType":"CodeSystem","id":"questionnaire-derivationType","meta":{"lastUpdated":"2023-01-31T07:07:38.434+11:00","profile":["http://hl7.org/fhir/StructureDefinition/shareablecodesystem"]},"text":{"status":"generated","div":"<div xmlns=\"http://www.w3.org/1999/xhtml\"><p>This code system <code>http://hl7.org/fhir/questionnaire-derivationType</code> defines the following codes:</p><table class=\"codes\"><tr><td style=\"white-space:nowrap\"><b>Code</b></td><td><b>Display</b></td><td><b>Definition</b></td></tr><tr><td style=\"white-space:nowrap\">extends<a name=\"questionnaire-derivationType-extends\"> </a></td><td>extends</td><td>Indicates this Questionnaire includes all of the items and permitted answers present in the target Questionnaire, however it also adds additional items and/or answers, such that a QuestionnaireResponse against the referencing Questionnaire may no longer be valid against the referenced Questionnaire.</td></tr><tr><td style=\"white-space:nowrap\">compliesWith<a name=\"questionnaire-derivationType-compliesWith\"> </a></td><td>complies with</td><td>Indicates this Questionnaire is derived in a manner that ensures that QuestionnaireResponses completed against this form will also be valid against the referenced questionnaire.  To be a valid constraint, linkId, item types, and item order must align and all required items and answers must be included. However, cardinality can be tightened and answers can be restricted. If a Questionnaire complies with a parent Questionnaire, that does not mean that the derived Questionnaire is considered to have the same validity as the parent Questionnaire.</td></tr><tr><td style=\"white-space:nowrap\">inspiredBy<a name=\"questionnaire-derivationType-inspiredBy\"> </a></td><td>inspired by</td><td>Indicates that some portion of the content of this Questionnaire was drawn from the referenced Questionnaire.  Responses created against this Questionnaire have no expectation of being valid against the referenced Questionnaire. linkIds, question text, answer choices, etc. may all vary and items may have been added or removed.</td></tr></table></div>"},"extension":[{"url":"http://hl7.org/fhir/StructureDefinition/structuredefinition-wg","valueCode":"fhir"},{"url":"http://hl7.org/fhir/StructureDefinition/structuredefinition-standards-status","valueCode":"draft"}],"url":"http://hl7.org/fhir/questionnaire-derivationType","identifier":[{"system":"urn:ietf:rfc:3986","value":"urn:oid:2.16.840.1.113883.4.642.1.2122"}],"version":"1.0.0","name":"QuestionnaireDerivationType","title":"Questionnaire Derivation Type Codes","status":"draft","experimental":true,"date":"2023-03-26T08:47:34+11:00","publisher":"HL7 International / FHIR Infrastructure","contact":[{"telecom":[{"system":"url","value":"http://hl7.org/Special/committees/fhir-i"}]}],"description":"Codes defining types of relationships between Questionnaires","jurisdiction":[{"coding":[{"system":"http://unstats.un.org/unsd/methods/m49/m49.htm","code":"001"}]}],"caseSensitive":true,"content":"complete","concept":[{"code":"extends","display":"extends","definition":"Indicates this Questionnaire includes all of the items and permitted answers present in the target Questionnaire, however it also adds additional items and/or answers, such that a QuestionnaireResponse against the referencing Questionnaire may no longer be valid against the referenced Questionnaire."},{"code":"compliesWith","display":"complies with","definition":"Indicates this Questionnaire is derived in a manner that ensures that QuestionnaireResponses completed against this form will also be valid against the referenced questionnaire.  To be a valid constraint, linkId, item types, and item order must align and all required items and answers must be included. However, cardinality can be tightened and answers can be restricted. If a Questionnaire complies with a parent Questionnaire, that does not mean that the derived Questionnaire is considered to have the same validity as the parent Questionnaire."},{"code":"inspiredBy","display":"inspired by","definition":"Indicates that some portion of the content of this Questionnaire was drawn from the referenced Questionnaire.  Responses created against this Questionnaire have no expectation of being valid against the referenced Questionnaire. linkIds, question text, answer choices, etc. may all vary and items may have been added or removed."}]}