{"resourceType":"CodeSystem","id":"procedure-progress-status-code","meta":{"lastUpdated":"2023-01-31T07:07:38.434+11:00","profile":["http://hl7.org/fhir/StructureDefinition/shareablecodesystem"]},"text":{"status":"generated","div":"<div xmlns=\"http://www.w3.org/1999/xhtml\"><p>This code system <code>http://hl7.org/fhir/procedure-progress-status-code</code> defines the following codes:</p><table class=\"codes\"><tr><td style=\"white-space:nowrap\"><b>Code</b></td><td><b>Display</b></td><td><b>Definition</b></td></tr><tr><td style=\"white-space:nowrap\">in-operating-room<a name=\"procedure-progress-status-code-in-operating-room\"> </a></td><td>In Operating Room</td><td>A patient is in the Operating Room.</td></tr><tr><td style=\"white-space:nowrap\">prepared<a name=\"procedure-progress-status-code-prepared\"> </a></td><td>Prepared</td><td>The patient is prepared for a procedure.</td></tr><tr><td style=\"white-space:nowrap\">anesthesia-induced<a name=\"procedure-progress-status-code-anesthesia-induced\"> </a></td><td>Anesthesia Induced</td><td>The patient is under anesthesia.</td></tr><tr><td style=\"white-space:nowrap\">open-incision<a name=\"procedure-progress-status-code-open-incision\"> </a></td><td>Open Incision</td><td>The patient has open incision(s).</td></tr><tr><td style=\"white-space:nowrap\">closed-incision<a name=\"procedure-progress-status-code-closed-incision\"> </a></td><td>Closed Incision</td><td>The patient has incision(s) closed.</td></tr><tr><td style=\"white-space:nowrap\">in-recovery-room<a name=\"procedure-progress-status-code-in-recovery-room\"> </a></td><td>In Recovery Room</td><td>The patient is in the recovery room.</td></tr></table></div>"},"extension":[{"url":"http://hl7.org/fhir/StructureDefinition/structuredefinition-wg","valueCode":"pc"},{"url":"http://hl7.org/fhir/StructureDefinition/structuredefinition-standards-status","valueCode":"trial-use"},{"url":"http://hl7.org/fhir/StructureDefinition/structuredefinition-fmm","valueInteger":3}],"url":"http://hl7.org/fhir/procedure-progress-status-code","identifier":[{"system":"urn:ietf:rfc:3986","value":"urn:oid:2.16.840.1.113883.4.642.4.947"},{"use":"old","system":"urn:ietf:rfc:3986","value":"urn:oid:2.16.840.1.113883.4.642.1.864"},{"use":"old","system":"urn:ietf:rfc:3986","value":"urn:oid:2.16.840.1.113883.4.642.2.430"}],"version":"1.0.0","name":"ProcedureProgressStatusCodes","title":"Procedure Progress Status Codes","status":"active","experimental":false,"date":"2023-03-26T08:47:34+11:00","publisher":"HL7 International / FHIR Infrastructure","contact":[{"telecom":[{"system":"url","value":"http://hl7.org/Special/committees/fhir-i"}]}],"description":"This value set is provided as an exemplar. The value set to instantiate this attribute should be drawn from a terminologically robust code system that consists of or contains concepts to support the procedure performance process.","jurisdiction":[{"coding":[{"system":"http://unstats.un.org/unsd/methods/m49/m49.htm","code":"001"}]}],"caseSensitive":true,"content":"complete","concept":[{"code":"in-operating-room","display":"In Operating Room","definition":"A patient is in the Operating Room."},{"code":"prepared","display":"Prepared","definition":"The patient is prepared for a procedure."},{"code":"anesthesia-induced","display":"Anesthesia Induced","definition":"The patient is under anesthesia."},{"code":"open-incision","display":"Open Incision","definition":"The patient has open incision(s)."},{"code":"closed-incision","display":"Closed Incision","definition":"The patient has incision(s) closed."},{"code":"in-recovery-room","display":"In Recovery Room","definition":"The patient is in the recovery room."}]}