{"resourceType":"SearchParameter","id":"workflow-protectiveFactorRef","text":{"status":"generated","div":"<div xmlns=\"http://www.w3.org/1999/xhtml\"><h2>ProtectiveFactorRefSearchParameter <a style=\"padding-left: 3px; padding-right: 3px; border: 1px grey solid; font-weight: bold; color: black; background-color: #efefef\" href=\"http://hl7.org/fhir/R5/versions.html#std-process\" title=\"Standards Status = Draft\">D</a></h2><p>Parameter <code>workflow-protectiveFactorRef</code>:<code>reference</code></p><div><p>SearchParameter for Protective Factor Extension with Reference data type</p>\n</div><table class=\"grid\"><tr><td>Resources</td><td><a href=\"http://hl7.org/fhir/R5/careplan.html\">CarePlan</a>, <a href=\"http://hl7.org/fhir/R5/communicationrequest.html\">CommunicationRequest</a>, <a href=\"http://hl7.org/fhir/R5/goal.html\">Goal</a></td></tr><tr><td>Expression</td><td><code>CarePlan.activity.extension('http://hl7.org/fhir/StructureDefinition/workflow-protectiveFactor').value.reference |                      CommunicationRequest.extension('http://hl7.org/fhir/StructureDefinition/workflow-protectiveFactor').value.reference |                      Goal.extension('http://hl7.org/fhir/StructureDefinition/workflow-protectiveFactor').value.reference</code></td></tr><tr><td>Processing Mode</td><td>Normal</td></tr><tr><td>Multiples</td><td>The parameter cannot repeat or have multiple values</td></tr></table></div>"},"extension":[{"url":"http://hl7.org/fhir/StructureDefinition/structuredefinition-standards-status","valueCode":"draft"}],"url":"http://hl7.org/fhir/SearchParameter/workflow-protectiveFactorRef","version":"1.0.0","name":"ProtectiveFactorRefSearchParameter","title":"Protective Factor Reference SearchParameter","status":"draft","experimental":true,"date":"2023-03-26T08:47:34+11:00","publisher":"HL7 International / FHIR Infrastructure","contact":[{"telecom":[{"system":"url","value":"http://hl7.org/Special/committees/fhir-i"}]}],"description":"SearchParameter for Protective Factor Extension with Reference data type","jurisdiction":[{"coding":[{"system":"http://unstats.un.org/unsd/methods/m49/m49.htm","code":"001"}]}],"code":"workflow-protectiveFactorRef","base":["CarePlan","CommunicationRequest","Goal"],"type":"reference","expression":"CarePlan.activity.extension('http://hl7.org/fhir/StructureDefinition/workflow-protectiveFactor').value.reference |                      CommunicationRequest.extension('http://hl7.org/fhir/StructureDefinition/workflow-protectiveFactor').value.reference |                      Goal.extension('http://hl7.org/fhir/StructureDefinition/workflow-protectiveFactor').value.reference","processingMode":"normal"}