{"resourceType":"SearchParameter","id":"patient-extensions-Patient-birthOrderBoolean","text":{"status":"generated","div":"<div xmlns=\"http://www.w3.org/1999/xhtml\"><h2>BirthOrderBoolean <a style=\"padding-left: 3px; padding-right: 3px; border: 1px grey solid; font-weight: bold; color: black; background-color: #fff5e6\" href=\"http://hl7.org/fhir/R5/versions.html#std-process\" title=\"Standards Status = Trial Use\">TU</a></h2><p>Parameter <code>birthOrderBoolean</code>:<code>token</code></p><div><p>Search based on whether a patient was part of a multiple birth or not.</p>\n</div><table class=\"grid\"><tr><td>Resource</td><td><a href=\"http://hl7.org/fhir/R5/patient.html\">Patient</a></td></tr><tr><td>Expression</td><td><code>Patient.multipleBirthBoolean | Patient.multipleBirthInteger</code></td></tr><tr><td>Processing Mode</td><td>Normal</td></tr><tr><td>Multiples</td><td>The parameter cannot repeat or have multiple values</td></tr></table></div>"},"extension":[{"url":"http://hl7.org/fhir/StructureDefinition/structuredefinition-standards-status","valueCode":"trial-use"},{"url":"http://hl7.org/fhir/StructureDefinition/structuredefinition-fmm","valueInteger":3}],"url":"http://hl7.org/fhir/SearchParameter/patient-extensions-Patient-birthOrderBoolean","version":"1.0.0","name":"BirthOrderBoolean","title":"birth Order Boolean","status":"active","experimental":false,"date":"2023-03-26T08:47:34+11:00","publisher":"HL7 International / FHIR Infrastructure","contact":[{"telecom":[{"system":"url","value":"http://hl7.org/Special/committees/fhir-i"}]}],"description":"Search based on whether a patient was part of a multiple birth or not.","jurisdiction":[{"coding":[{"system":"http://unstats.un.org/unsd/methods/m49/m49.htm","code":"001"}]}],"code":"birthOrderBoolean","base":["Patient"],"type":"token","expression":"Patient.multipleBirthBoolean | Patient.multipleBirthInteger","processingMode":"normal"}