{"resourceType":"SearchParameter","id":"patient-extensions-Patient-mothersMaidenName","text":{"status":"generated","div":"<div xmlns=\"http://www.w3.org/1999/xhtml\"><h2>MothersMaidenName <a style=\"padding-left: 3px; padding-right: 3px; border: 1px grey solid; font-weight: bold; color: black; background-color: #fff5e6\" href=\"http://hl7.org/fhir/R5/versions.html#std-process\" title=\"Standards Status = Trial Use\">TU</a></h2><p>Parameter <code>mothersMaidenName</code>:<code>string</code></p><div><p>Search based on patient's mother's maiden name</p>\n</div><table class=\"grid\"><tr><td>Resource</td><td><a href=\"http://hl7.org/fhir/R5/patient.html\">Patient</a></td></tr><tr><td>Expression</td><td><code>Patient.extension('http://hl7.org/fhir/StructureDefinition/patient-mothersMaidenName').value</code></td></tr><tr><td>Processing Mode</td><td>Normal</td></tr><tr><td>Multiples</td><td>The parameter cannot repeat or have multiple values</td></tr></table></div>"},"extension":[{"url":"http://hl7.org/fhir/StructureDefinition/structuredefinition-standards-status","valueCode":"trial-use"},{"url":"http://hl7.org/fhir/StructureDefinition/structuredefinition-fmm","valueInteger":3}],"url":"http://hl7.org/fhir/SearchParameter/patient-extensions-Patient-mothersMaidenName","version":"1.0.0","name":"MothersMaidenName","title":"mothers Maiden Name","status":"active","experimental":false,"date":"2023-03-26T08:47:34+11:00","publisher":"HL7 International / FHIR Infrastructure","contact":[{"telecom":[{"system":"url","value":"http://hl7.org/Special/committees/fhir-i"}]}],"description":"Search based on patient's mother's maiden name","jurisdiction":[{"coding":[{"system":"http://unstats.un.org/unsd/methods/m49/m49.htm","code":"001"}]}],"code":"mothersMaidenName","base":["Patient"],"type":"string","expression":"Patient.extension('http://hl7.org/fhir/StructureDefinition/patient-mothersMaidenName').value","processingMode":"normal"}