{"resourceType":"CodeSystem","id":"language-preference-type","meta":{"lastUpdated":"2023-01-31T07:07:38.434+11:00","profile":["http://hl7.org/fhir/StructureDefinition/shareablecodesystem"]},"text":{"status":"generated","div":"<div xmlns=\"http://www.w3.org/1999/xhtml\"><p>This code system <code>http://hl7.org/fhir/language-preference-type</code> defines the following codes:</p><table class=\"codes\"><tr><td style=\"white-space:nowrap\"><b>Code</b></td><td><b>Definition</b></td></tr><tr><td style=\"white-space:nowrap\">verbal<a name=\"language-preference-type-verbal\"> </a></td><td>The patient prefers to verbally communicate with the associated language.</td></tr><tr><td style=\"white-space:nowrap\">written<a name=\"language-preference-type-written\"> </a></td><td>The patient prefers to communicate in writing with the associated language.</td></tr></table></div>"},"extension":[{"url":"http://hl7.org/fhir/StructureDefinition/structuredefinition-wg","valueCode":"pa"},{"url":"http://hl7.org/fhir/StructureDefinition/structuredefinition-standards-status","valueCode":"trial-use"},{"url":"http://hl7.org/fhir/StructureDefinition/structuredefinition-fmm","valueInteger":3}],"url":"http://hl7.org/fhir/language-preference-type","identifier":[{"system":"urn:ietf:rfc:3986","value":"urn:oid:2.16.840.1.113883.4.642.4.1023"}],"version":"1.0.0","name":"LanguagePreferenceType","title":"language preference type","status":"active","experimental":false,"date":"2023-03-26T08:47:34+11:00","publisher":"HL7 International / FHIR Infrastructure","contact":[{"telecom":[{"system":"url","value":"http://hl7.org/Special/committees/fhir-i"}]}],"description":"This code system defines a defines the set of codes for describing the type or mode of the patient's preferred language.","jurisdiction":[{"coding":[{"system":"http://unstats.un.org/unsd/methods/m49/m49.htm","code":"001"}]}],"caseSensitive":true,"content":"complete","concept":[{"code":"verbal","display":"verbal","definition":"The patient prefers to verbally communicate with the associated language."},{"code":"written","display":"written","definition":"The patient prefers to communicate in writing with the associated language."}]}