{"resourceType":"CodeSystem","id":"research-study-registration-activity","meta":{"lastUpdated":"2022-05-15T16:55:11.085+11:00","profile":["http://hl7.org/fhir/StructureDefinition/shareablecodesystem"]},"text":{"status":"generated","div":"<div xmlns=\"http://www.w3.org/1999/xhtml\"><p>This code system <code>http://hl7.org/fhir/research-study-registration-activity</code> defines the following codes:</p><table class=\"codes\"><tr><td style=\"white-space:nowrap\"><b>Code</b></td><td><b>Display</b></td><td><b>Definition</b></td></tr><tr><td style=\"white-space:nowrap\">record-verification<a name=\"research-study-registration-activity-record-verification\"> </a></td><td>Record Verification</td><td>Record has been verified.</td></tr><tr><td style=\"white-space:nowrap\">primary-outcome-data-collection<a name=\"research-study-registration-activity-primary-outcome-data-collection\"> </a></td><td>Primary outcome data collection</td><td/></tr><tr><td style=\"white-space:nowrap\">registration-submission<a name=\"research-study-registration-activity-registration-submission\"> </a></td><td>Registration submission</td><td/></tr><tr><td style=\"white-space:nowrap\">registration-submission-qc<a name=\"research-study-registration-activity-registration-submission-qc\"> </a></td><td>Registration submission Quality Check</td><td/></tr><tr><td style=\"white-space:nowrap\">registration-posting<a name=\"research-study-registration-activity-registration-posting\"> </a></td><td>Registration posting</td><td/></tr><tr><td style=\"white-space:nowrap\">results-submission<a name=\"research-study-registration-activity-results-submission\"> </a></td><td>Results submission</td><td/></tr><tr><td style=\"white-space:nowrap\">results-submission-qc<a name=\"research-study-registration-activity-results-submission-qc\"> </a></td><td>Results submission Quality Check</td><td/></tr><tr><td style=\"white-space:nowrap\">results-posting<a name=\"research-study-registration-activity-results-posting\"> </a></td><td>Results posting</td><td/></tr><tr><td style=\"white-space:nowrap\">disposition-submission<a name=\"research-study-registration-activity-disposition-submission\"> </a></td><td>Disposition submission</td><td/></tr><tr><td style=\"white-space:nowrap\">disposition-submission-qc<a name=\"research-study-registration-activity-disposition-submission-qc\"> </a></td><td>Disposition submission Quality Check</td><td/></tr><tr><td style=\"white-space:nowrap\">disposition-posting<a name=\"research-study-registration-activity-disposition-posting\"> </a></td><td>Disposition posting</td><td/></tr><tr><td style=\"white-space:nowrap\">update-submission<a name=\"research-study-registration-activity-update-submission\"> </a></td><td>Update submission</td><td/></tr><tr><td style=\"white-space:nowrap\">update-posting<a name=\"research-study-registration-activity-update-posting\"> </a></td><td>Update posting</td><td/></tr></table></div>"},"extension":[{"url":"http://hl7.org/fhir/StructureDefinition/structuredefinition-wg","valueCode":"brr"},{"url":"http://hl7.org/fhir/StructureDefinition/structuredefinition-standards-status","valueCode":"draft"},{"url":"http://hl7.org/fhir/StructureDefinition/structuredefinition-fmm","valueInteger":0}],"url":"http://hl7.org/fhir/research-study-registration-activity","version":"1.0.0","name":"ResearchStudyRegistrationActivity","title":"ResearchStudy Registration Activity Code System","status":"draft","experimental":true,"date":"2022-05-15T16:55:11.085+11:00","publisher":"HL7 International / FHIR Infrastructure","contact":[{"telecom":[{"system":"url","value":"http://hl7.org/Special/committees/fhir-i"}]}],"description":"Codes for the stage in the progression of a therapy from initial experimental use in humans in clinical trials to post-market evaluation.","jurisdiction":[{"coding":[{"system":"http://unstats.un.org/unsd/methods/m49/m49.htm","code":"001"}]}],"caseSensitive":true,"valueSet":"http://hl7.org/fhir/ValueSet/research-study-registration-activity","content":"complete","concept":[{"code":"record-verification","display":"Record Verification","definition":"Record has been verified."},{"code":"primary-outcome-data-collection","display":"Primary outcome data collection"},{"code":"registration-submission","display":"Registration submission"},{"code":"registration-submission-qc","display":"Registration submission Quality Check"},{"code":"registration-posting","display":"Registration posting"},{"code":"results-submission","display":"Results submission"},{"code":"results-submission-qc","display":"Results submission Quality Check"},{"code":"results-posting","display":"Results posting"},{"code":"disposition-submission","display":"Disposition submission"},{"code":"disposition-submission-qc","display":"Disposition submission Quality Check"},{"code":"disposition-posting","display":"Disposition posting"},{"code":"update-submission","display":"Update submission"},{"code":"update-posting","display":"Update posting"}]}