{"resourceType":"CodeSystem","id":"questionnaire-usage-mode","meta":{"lastUpdated":"2023-01-31T07:07:38.434+11:00","profile":["http://hl7.org/fhir/StructureDefinition/shareablecodesystem"]},"text":{"status":"generated","div":"<div xmlns=\"http://www.w3.org/1999/xhtml\"><p>This code system <code>http://hl7.org/fhir/questionnaire-usage-mode</code> defines the following codes:</p><table class=\"codes\"><tr><td style=\"white-space:nowrap\"><b>Code</b></td><td><b>Display</b></td><td><b>Definition</b></td></tr><tr><td style=\"white-space:nowrap\">capture-display<a name=\"questionnaire-usage-mode-capture-display\"> </a></td><td>Capture &amp; Display</td><td>Render the item regardless of usage mode.</td></tr><tr><td style=\"white-space:nowrap\">capture<a name=\"questionnaire-usage-mode-capture\"> </a></td><td>Capture Only</td><td>Render the item only when capturing data.</td></tr><tr><td style=\"white-space:nowrap\">display<a name=\"questionnaire-usage-mode-display\"> </a></td><td>Display Only</td><td>Render the item only when displaying a completed form.</td></tr><tr><td style=\"white-space:nowrap\">display-non-empty<a name=\"questionnaire-usage-mode-display-non-empty\"> </a></td><td>Display when Answered</td><td>Render the item only when displaying a completed form and the item has been answered (or has child items that have been answered).</td></tr><tr><td style=\"white-space:nowrap\">capture-display-non-empty<a name=\"questionnaire-usage-mode-capture-display-non-empty\"> </a></td><td>Capture or, if answered, Display</td><td>Render the item when capturing data or when displaying a completed form and the item has been answered (or has child items that have been answered).</td></tr></table></div>"},"extension":[{"url":"http://hl7.org/fhir/StructureDefinition/structuredefinition-wg","valueCode":"fhir"},{"url":"http://hl7.org/fhir/StructureDefinition/structuredefinition-standards-status","valueCode":"trial-use"},{"url":"http://hl7.org/fhir/StructureDefinition/structuredefinition-fmm","valueInteger":2}],"url":"http://hl7.org/fhir/questionnaire-usage-mode","identifier":[{"system":"urn:ietf:rfc:3986","value":"urn:oid:2.16.840.1.113883.4.642.1.1274"},{"use":"old","system":"urn:ietf:rfc:3986","value":"urn:oid:2.16.840.1.113883.4.642.1.855"}],"version":"1.0.0","name":"QuestionnaireItemUsageMode","title":"questionnaire item usage mode","status":"draft","experimental":false,"date":"2023-03-26T08:47:34+11:00","publisher":"HL7 International / FHIR Infrastructure","contact":[{"telecom":[{"system":"url","value":"http://hl7.org/Special/committees/fhir-i"}]}],"description":"QuestionnaireItemUsageMode","jurisdiction":[{"coding":[{"system":"http://unstats.un.org/unsd/methods/m49/m49.htm","code":"001"}]}],"caseSensitive":true,"content":"complete","concept":[{"code":"capture-display","display":"Capture & Display","definition":"Render the item regardless of usage mode."},{"code":"capture","display":"Capture Only","definition":"Render the item only when capturing data."},{"code":"display","display":"Display Only","definition":"Render the item only when displaying a completed form."},{"code":"display-non-empty","display":"Display when Answered","definition":"Render the item only when displaying a completed form and the item has been answered (or has child items that have been answered)."},{"code":"capture-display-non-empty","display":"Capture or, if answered, Display","definition":"Render the item when capturing data or when displaying a completed form and the item has been answered (or has child items that have been answered)."}]}