{"resourceType":"CodeSystem","id":"standards-status","meta":{"lastUpdated":"2023-01-31T07:07:38.434+11:00","profile":["http://hl7.org/fhir/StructureDefinition/shareablecodesystem"]},"text":{"status":"generated","div":"<div xmlns=\"http://www.w3.org/1999/xhtml\"><p>This code system <code>http://hl7.org/fhir/standards-status</code> defines the following codes:</p><table class=\"codes\"><tr><td style=\"white-space:nowrap\"><b>Code</b></td><td><b>Display</b></td><td><b>Definition</b></td></tr><tr><td style=\"white-space:nowrap\">draft<a name=\"standards-status-draft\"> </a></td><td>Draft</td><td>This portion of the specification is not considered to be complete enough or sufficiently reviewed to be safe for implementation. It may have known issues or still be in the &quot;in development&quot; stage. It is included in the publication as a place-holder, to solicit feedback from the implementation community and/or to give implementers some insight as to functionality likely to be included in future versions of the specification. Content at this level should only be implemented by the brave or desperate and is very much &quot;use at your own risk&quot;. The content that is Draft that will usually be elevated to Trial Use once review and correction is complete after it has been subjected to ballot.</td></tr><tr><td style=\"white-space:nowrap\">normative<a name=\"standards-status-normative\"> </a></td><td>Normative</td><td>This content has been subject to review and production implementation in a wide variety of environments. The content is considered to be stable and has been 'locked', subjecting it to FHIR Inter-version Compatibility Rules. While changes are possible, they are expected to be infrequent and are tightly constrained. Compatibility Rules.</td></tr><tr><td style=\"white-space:nowrap\">trial-use<a name=\"standards-status-trial-use\"> </a></td><td>Trial-Use</td><td>This content has been well reviewed and is considered by the authors to be ready for use in production systems. It has been subjected to ballot and approved as an official standard. However, it has not yet seen widespread use in production across the full spectrum of environments it is intended to be used in. In some cases, there may be documented known issues that require implementation experience to determine appropriate resolutions for.\n\nFuture versions of FHIR may make significant changes to Trial Use content that are not compatible with previously published content.</td></tr><tr><td style=\"white-space:nowrap\">informative<a name=\"standards-status-informative\"> </a></td><td>Informative</td><td>This portion of the specification is provided for implementer assistance, and does not make rules that implementers are required to follow. Typical examples of this content in the FHIR specification are tables of contents, registries, examples, and implementer advice.</td></tr><tr><td style=\"white-space:nowrap\">deprecated<a name=\"standards-status-deprecated\"> </a></td><td>Deprecated</td><td>This portion of the specification is outdated; it is documented for historical purposes, but no longer supported and may be withdrawn in a future version. Implementers who already support it should continue to do so for backward compatibility.</td></tr><tr><td style=\"white-space:nowrap\">withdrawn<a name=\"standards-status-withdrawn\"> </a></td><td>Withdrawn</td><td>This content has been removed from the specification.</td></tr><tr><td style=\"white-space:nowrap\">external<a name=\"standards-status-external\"> </a></td><td>External</td><td>This is content that is managed outside the FHIR Specification, but included for implementer convenience.</td></tr></table></div>"},"extension":[{"url":"http://hl7.org/fhir/StructureDefinition/structuredefinition-wg","valueCode":"fhir"},{"url":"http://hl7.org/fhir/StructureDefinition/structuredefinition-standards-status","valueCode":"trial-use"},{"url":"http://hl7.org/fhir/StructureDefinition/structuredefinition-fmm","valueInteger":2}],"url":"http://hl7.org/fhir/standards-status","identifier":[{"system":"urn:ietf:rfc:3986","value":"urn:oid:2.16.840.1.113883.4.642.4.1898"}],"version":"1.0.0","name":"StandardsStatus","title":"standards status","status":"draft","experimental":false,"date":"2023-03-26T08:47:34+11:00","publisher":"HL7 International / FHIR Infrastructure","contact":[{"telecom":[{"system":"url","value":"http://hl7.org/Special/committees/fhir-i"}]}],"description":"StandardsStatus","jurisdiction":[{"coding":[{"system":"http://unstats.un.org/unsd/methods/m49/m49.htm","code":"001"}]}],"caseSensitive":true,"content":"complete","concept":[{"code":"draft","display":"Draft","definition":"This portion of the specification is not considered to be complete enough or sufficiently reviewed to be safe for implementation. It may have known issues or still be in the \"in development\" stage. It is included in the publication as a place-holder, to solicit feedback from the implementation community and/or to give implementers some insight as to functionality likely to be included in future versions of the specification. Content at this level should only be implemented by the brave or desperate and is very much \"use at your own risk\". The content that is Draft that will usually be elevated to Trial Use once review and correction is complete after it has been subjected to ballot."},{"code":"normative","display":"Normative","definition":"This content has been subject to review and production implementation in a wide variety of environments. The content is considered to be stable and has been 'locked', subjecting it to FHIR Inter-version Compatibility Rules. While changes are possible, they are expected to be infrequent and are tightly constrained. Compatibility Rules."},{"code":"trial-use","display":"Trial-Use","definition":"This content has been well reviewed and is considered by the authors to be ready for use in production systems. It has been subjected to ballot and approved as an official standard. However, it has not yet seen widespread use in production across the full spectrum of environments it is intended to be used in. In some cases, there may be documented known issues that require implementation experience to determine appropriate resolutions for.\n\nFuture versions of FHIR may make significant changes to Trial Use content that are not compatible with previously published content."},{"code":"informative","display":"Informative","definition":"This portion of the specification is provided for implementer assistance, and does not make rules that implementers are required to follow. Typical examples of this content in the FHIR specification are tables of contents, registries, examples, and implementer advice."},{"code":"deprecated","display":"Deprecated","definition":"This portion of the specification is outdated; it is documented for historical purposes, but no longer supported and may be withdrawn in a future version. Implementers who already support it should continue to do so for backward compatibility."},{"code":"withdrawn","display":"Withdrawn","definition":"This content has been removed from the specification."},{"code":"external","display":"External","definition":"This is content that is managed outside the FHIR Specification, but included for implementer convenience."}]}