{"resourceType":"ConceptMap","id":"types4to5","text":{"status":"extensions","div":"<div xmlns=\"http://www.w3.org/1999/xhtml\"><h2>Types4to5 (http://hl7.org/fhir/ConceptMap/types4to5)</h2><p>Mapping from (not specified) to (not specified)</p><p>ACTIVE. Published on 2023-03-07 by HL7 International / FHIR Infrastructure (<a href=\"http://hl7.org/Special/committees/fhir-i\">http://hl7.org/Special/committ...</a>). </p><div><p>Type Mapping R54 to R4B</p>\n</div><br/><p><b>Group 1</b>Mapping from <a href=\"http://hl7.org/fhir/R4/codesystem-data-types.html\">DataType</a> to <a href=\"http://hl7.org/fhir/R5/codesystem-fhir-types.html\">All FHIR Types</a></p><table class=\"grid\"><tr><td><b>Source Code</b></td><td><b>Relationship</b></td><td><b>Target Code</b></td></tr><tr><td>base64Binary</td><td><a href=\"http://hl7.org/fhir/R5/codesystem-concept-map-relationship.html#equivalent\" title=\"equivalent\">is equivalent to</a></td><td>base64Binary</td></tr><tr><td>boolean</td><td><a href=\"http://hl7.org/fhir/R5/codesystem-concept-map-relationship.html#equivalent\" title=\"equivalent\">is equivalent to</a></td><td>boolean</td></tr><tr><td>canonical</td><td><a href=\"http://hl7.org/fhir/R5/codesystem-concept-map-relationship.html#equivalent\" title=\"equivalent\">is equivalent to</a></td><td>canonical</td></tr><tr><td>code</td><td><a href=\"http://hl7.org/fhir/R5/codesystem-concept-map-relationship.html#equivalent\" title=\"equivalent\">is equivalent to</a></td><td>code</td></tr><tr><td>date</td><td><a href=\"http://hl7.org/fhir/R5/codesystem-concept-map-relationship.html#equivalent\" title=\"equivalent\">is equivalent to</a></td><td>date</td></tr><tr><td>dateTime</td><td><a href=\"http://hl7.org/fhir/R5/codesystem-concept-map-relationship.html#equivalent\" title=\"equivalent\">is equivalent to</a></td><td>date</td></tr><tr><td>decimal</td><td><a href=\"http://hl7.org/fhir/R5/codesystem-concept-map-relationship.html#equivalent\" title=\"equivalent\">is equivalent to</a></td><td>decimal</td></tr><tr><td>id</td><td><a href=\"http://hl7.org/fhir/R5/codesystem-concept-map-relationship.html#equivalent\" title=\"equivalent\">is equivalent to</a></td><td>id</td></tr><tr><td>instant</td><td><a href=\"http://hl7.org/fhir/R5/codesystem-concept-map-relationship.html#equivalent\" title=\"equivalent\">is equivalent to</a></td><td>instant</td></tr><tr><td>integer</td><td><a href=\"http://hl7.org/fhir/R5/codesystem-concept-map-relationship.html#equivalent\" title=\"equivalent\">is equivalent to</a></td><td>integer</td></tr><tr><td>markdown</td><td><a href=\"http://hl7.org/fhir/R5/codesystem-concept-map-relationship.html#equivalent\" title=\"equivalent\">is equivalent to</a></td><td>markdown</td></tr><tr><td>oid</td><td><a href=\"http://hl7.org/fhir/R5/codesystem-concept-map-relationship.html#equivalent\" title=\"equivalent\">is equivalent to</a></td><td>oid</td></tr><tr><td>positiveInt</td><td><a href=\"http://hl7.org/fhir/R5/codesystem-concept-map-relationship.html#equivalent\" title=\"equivalent\">is equivalent to</a></td><td>positiveInt</td></tr><tr><td>string</td><td><a href=\"http://hl7.org/fhir/R5/codesystem-concept-map-relationship.html#equivalent\" title=\"equivalent\">is equivalent to</a></td><td>string</td></tr><tr><td>time</td><td><a href=\"http://hl7.org/fhir/R5/codesystem-concept-map-relationship.html#equivalent\" title=\"equivalent\">is equivalent to</a></td><td>time</td></tr><tr><td>unsignedInt</td><td><a href=\"http://hl7.org/fhir/R5/codesystem-concept-map-relationship.html#equivalent\" title=\"equivalent\">is equivalent to</a></td><td>unsignedInt</td></tr><tr><td>uri</td><td><a href=\"http://hl7.org/fhir/R5/codesystem-concept-map-relationship.html#equivalent\" title=\"equivalent\">is equivalent to</a></td><td>uri</td></tr><tr><td>url</td><td><a href=\"http://hl7.org/fhir/R5/codesystem-concept-map-relationship.html#equivalent\" title=\"equivalent\">is equivalent to</a></td><td>url</td></tr><tr><td>uuid</td><td><a href=\"http://hl7.org/fhir/R5/codesystem-concept-map-relationship.html#equivalent\" title=\"equivalent\">is equivalent to</a></td><td>uuid</td></tr><tr><td>xhtml</td><td><a href=\"http://hl7.org/fhir/R5/codesystem-concept-map-relationship.html#equivalent\" title=\"equivalent\">is equivalent to</a></td><td>xhtml</td></tr><tr><td>Address</td><td><a href=\"http://hl7.org/fhir/R5/codesystem-concept-map-relationship.html#equivalent\" title=\"equivalent\">is equivalent to</a></td><td>Address</td></tr><tr><td>Age</td><td><a href=\"http://hl7.org/fhir/R5/codesystem-concept-map-relationship.html#equivalent\" title=\"equivalent\">is equivalent to</a></td><td>Age</td></tr><tr><td>Annotation</td><td><a href=\"http://hl7.org/fhir/R5/codesystem-concept-map-relationship.html#equivalent\" title=\"equivalent\">is equivalent to</a></td><td>Annotation</td></tr><tr><td>Attachment</td><td><a href=\"http://hl7.org/fhir/R5/codesystem-concept-map-relationship.html#equivalent\" title=\"equivalent\">is equivalent to</a></td><td>Attachment</td></tr><tr><td>BackboneElement</td><td><a href=\"http://hl7.org/fhir/R5/codesystem-concept-map-relationship.html#equivalent\" title=\"equivalent\">is equivalent to</a></td><td>BackboneElement</td></tr><tr><td>CodeableConcept</td><td><a href=\"http://hl7.org/fhir/R5/codesystem-concept-map-relationship.html#equivalent\" title=\"equivalent\">is equivalent to</a></td><td>CodeableConcept</td></tr><tr><td>Coding</td><td><a href=\"http://hl7.org/fhir/R5/codesystem-concept-map-relationship.html#equivalent\" title=\"equivalent\">is equivalent to</a></td><td>Coding</td></tr><tr><td>ContactDetail</td><td><a href=\"http://hl7.org/fhir/R5/codesystem-concept-map-relationship.html#equivalent\" title=\"equivalent\">is equivalent to</a></td><td>ContactDetail</td></tr><tr><td>ContactPoint</td><td><a href=\"http://hl7.org/fhir/R5/codesystem-concept-map-relationship.html#equivalent\" title=\"equivalent\">is equivalent to</a></td><td>ContactPoint</td></tr><tr><td>Contributor</td><td><a href=\"http://hl7.org/fhir/R5/codesystem-concept-map-relationship.html#equivalent\" title=\"equivalent\">is equivalent to</a></td><td>Contributor</td></tr><tr><td>Count</td><td><a href=\"http://hl7.org/fhir/R5/codesystem-concept-map-relationship.html#equivalent\" title=\"equivalent\">is equivalent to</a></td><td>Count</td></tr><tr><td>DataRequirement</td><td><a href=\"http://hl7.org/fhir/R5/codesystem-concept-map-relationship.html#equivalent\" title=\"equivalent\">is equivalent to</a></td><td>DataRequirement</td></tr><tr><td>Distance</td><td><a href=\"http://hl7.org/fhir/R5/codesystem-concept-map-relationship.html#equivalent\" title=\"equivalent\">is equivalent to</a></td><td>Distance</td></tr><tr><td>Dosage</td><td><a href=\"http://hl7.org/fhir/R5/codesystem-concept-map-relationship.html#equivalent\" title=\"equivalent\">is equivalent to</a></td><td>Dosage</td></tr><tr><td>Duration</td><td><a href=\"http://hl7.org/fhir/R5/codesystem-concept-map-relationship.html#equivalent\" title=\"equivalent\">is equivalent to</a></td><td>Duration</td></tr><tr><td>Element</td><td><a href=\"http://hl7.org/fhir/R5/codesystem-concept-map-relationship.html#equivalent\" title=\"equivalent\">is equivalent to</a></td><td>Element</td></tr><tr><td>ElementDefinition</td><td><a href=\"http://hl7.org/fhir/R5/codesystem-concept-map-relationship.html#equivalent\" title=\"equivalent\">is equivalent to</a></td><td>ElementDefinition</td></tr><tr><td>Expression</td><td><a href=\"http://hl7.org/fhir/R5/codesystem-concept-map-relationship.html#equivalent\" title=\"equivalent\">is equivalent to</a></td><td>Expression</td></tr><tr><td>Extension</td><td><a href=\"http://hl7.org/fhir/R5/codesystem-concept-map-relationship.html#equivalent\" title=\"equivalent\">is equivalent to</a></td><td>Extension</td></tr><tr><td>HumanName</td><td><a href=\"http://hl7.org/fhir/R5/codesystem-concept-map-relationship.html#equivalent\" title=\"equivalent\">is equivalent to</a></td><td>HumanName</td></tr><tr><td>Identifier</td><td><a href=\"http://hl7.org/fhir/R5/codesystem-concept-map-relationship.html#equivalent\" title=\"equivalent\">is equivalent to</a></td><td>Identifier</td></tr><tr><td>MarketingStatus</td><td><a href=\"http://hl7.org/fhir/R5/codesystem-concept-map-relationship.html#equivalent\" title=\"equivalent\">is equivalent to</a></td><td>MarketingStatus</td></tr><tr><td>Meta</td><td><a href=\"http://hl7.org/fhir/R5/codesystem-concept-map-relationship.html#equivalent\" title=\"equivalent\">is equivalent to</a></td><td>Meta</td></tr><tr><td>Money</td><td><a href=\"http://hl7.org/fhir/R5/codesystem-concept-map-relationship.html#equivalent\" title=\"equivalent\">is equivalent to</a></td><td>Money</td></tr><tr><td>MoneyQuantity</td><td colspan=\"2\" style=\"background-color: #efefef\">(not mapped)</td></tr><tr><td>Narrative</td><td><a href=\"http://hl7.org/fhir/R5/codesystem-concept-map-relationship.html#equivalent\" title=\"equivalent\">is equivalent to</a></td><td>Narrative</td></tr><tr><td>ParameterDefinition</td><td><a href=\"http://hl7.org/fhir/R5/codesystem-concept-map-relationship.html#equivalent\" title=\"equivalent\">is equivalent to</a></td><td>ParameterDefinition</td></tr><tr><td>Period</td><td><a href=\"http://hl7.org/fhir/R5/codesystem-concept-map-relationship.html#equivalent\" title=\"equivalent\">is equivalent to</a></td><td>Period</td></tr><tr><td>Population</td><td colspan=\"2\" style=\"background-color: #efefef\">(not mapped)</td></tr><tr><td>ProdCharacteristic</td><td colspan=\"2\" style=\"background-color: #efefef\">(not mapped)</td></tr><tr><td>ProductShelfLife</td><td><a href=\"http://hl7.org/fhir/R5/codesystem-concept-map-relationship.html#equivalent\" title=\"equivalent\">is equivalent to</a></td><td>ProductShelfLife</td></tr><tr><td>Quantity</td><td><a href=\"http://hl7.org/fhir/R5/codesystem-concept-map-relationship.html#equivalent\" title=\"equivalent\">is equivalent to</a></td><td>Quantity</td></tr><tr><td>Range</td><td><a href=\"http://hl7.org/fhir/R5/codesystem-concept-map-relationship.html#equivalent\" title=\"equivalent\">is equivalent to</a></td><td>Range</td></tr><tr><td>Ratio</td><td><a href=\"http://hl7.org/fhir/R5/codesystem-concept-map-relationship.html#equivalent\" title=\"equivalent\">is equivalent to</a></td><td>Ratio</td></tr><tr><td>Reference</td><td><a href=\"http://hl7.org/fhir/R5/codesystem-concept-map-relationship.html#equivalent\" title=\"equivalent\">is equivalent to</a></td><td>Reference</td></tr><tr><td>RelatedArtifact</td><td><a href=\"http://hl7.org/fhir/R5/codesystem-concept-map-relationship.html#equivalent\" title=\"equivalent\">is equivalent to</a></td><td>RelatedArtifact</td></tr><tr><td>SampledData</td><td><a href=\"http://hl7.org/fhir/R5/codesystem-concept-map-relationship.html#equivalent\" title=\"equivalent\">is equivalent to</a></td><td>SampledData</td></tr><tr><td>Signature</td><td><a href=\"http://hl7.org/fhir/R5/codesystem-concept-map-relationship.html#equivalent\" title=\"equivalent\">is equivalent to</a></td><td>Signature</td></tr><tr><td>SubstanceAmount</td><td colspan=\"2\" style=\"background-color: #efefef\">(not mapped)</td></tr><tr><td>Timing</td><td><a href=\"http://hl7.org/fhir/R5/codesystem-concept-map-relationship.html#equivalent\" title=\"equivalent\">is equivalent to</a></td><td>Timing</td></tr><tr><td>TriggerDefinition</td><td><a href=\"http://hl7.org/fhir/R5/codesystem-concept-map-relationship.html#equivalent\" title=\"equivalent\">is equivalent to</a></td><td>TriggerDefinition</td></tr><tr><td>UsageContext</td><td><a href=\"http://hl7.org/fhir/R5/codesystem-concept-map-relationship.html#equivalent\" title=\"equivalent\">is equivalent to</a></td><td>UsageContext</td></tr></table><hr/><p><b>Group 2</b>Mapping from <a href=\"http://hl7.org/fhir/R4/codesystem-abstract-types.html\">AbstractType</a> to <a href=\"http://hl7.org/fhir/R5/codesystem-fhir-types.html\">All FHIR Types</a></p><table class=\"grid\"><tr><td><b>Source Code</b></td><td><b>Relationship</b></td><td><b>Target Code</b></td></tr><tr><td>Type</td><td><a href=\"http://hl7.org/fhir/R5/codesystem-concept-map-relationship.html#equivalent\" title=\"equivalent\">is equivalent to</a></td><td>DataType</td></tr><tr><td>Any</td><td><a href=\"http://hl7.org/fhir/R5/codesystem-concept-map-relationship.html#equivalent\" title=\"equivalent\">is equivalent to</a></td><td>Resource</td></tr></table><hr/><p><b>Group 3</b>Mapping from <a href=\"http://hl7.org/fhir/R4/codesystem-resource-types.html\">ResourceType</a> to <a href=\"http://hl7.org/fhir/R5/codesystem-fhir-types.html\">All FHIR Types</a></p><table class=\"grid\"><tr><td><b>Source Code</b></td><td><b>Relationship</b></td><td><b>Target Code</b></td></tr><tr><td>Resource</td><td><a href=\"http://hl7.org/fhir/R5/codesystem-concept-map-relationship.html#equivalent\" title=\"equivalent\">is equivalent to</a></td><td>Resource</td></tr><tr><td>Binary</td><td><a href=\"http://hl7.org/fhir/R5/codesystem-concept-map-relationship.html#equivalent\" title=\"equivalent\">is equivalent to</a></td><td>Binary</td></tr><tr><td>Bundle</td><td><a href=\"http://hl7.org/fhir/R5/codesystem-concept-map-relationship.html#equivalent\" title=\"equivalent\">is equivalent to</a></td><td>Bundle</td></tr><tr><td>DomainResource</td><td><a href=\"http://hl7.org/fhir/R5/codesystem-concept-map-relationship.html#equivalent\" title=\"equivalent\">is equivalent to</a></td><td>DomainResource</td></tr><tr><td>Account</td><td><a href=\"http://hl7.org/fhir/R5/codesystem-concept-map-relationship.html#equivalent\" title=\"equivalent\">is equivalent to</a></td><td>Account</td></tr><tr><td>ActivityDefinition</td><td><a href=\"http://hl7.org/fhir/R5/codesystem-concept-map-relationship.html#equivalent\" title=\"equivalent\">is equivalent to</a></td><td>ActivityDefinition</td></tr><tr><td>AdverseEvent</td><td><a href=\"http://hl7.org/fhir/R5/codesystem-concept-map-relationship.html#equivalent\" title=\"equivalent\">is equivalent to</a></td><td>AdverseEvent</td></tr><tr><td>AllergyIntolerance</td><td><a href=\"http://hl7.org/fhir/R5/codesystem-concept-map-relationship.html#equivalent\" title=\"equivalent\">is equivalent to</a></td><td>AllergyIntolerance</td></tr><tr><td>Appointment</td><td><a href=\"http://hl7.org/fhir/R5/codesystem-concept-map-relationship.html#equivalent\" title=\"equivalent\">is equivalent to</a></td><td>Appointment</td></tr><tr><td>AppointmentResponse</td><td><a href=\"http://hl7.org/fhir/R5/codesystem-concept-map-relationship.html#equivalent\" title=\"equivalent\">is equivalent to</a></td><td>AppointmentResponse</td></tr><tr><td>AuditEvent</td><td><a href=\"http://hl7.org/fhir/R5/codesystem-concept-map-relationship.html#equivalent\" title=\"equivalent\">is equivalent to</a></td><td>AuditEvent</td></tr><tr><td>Basic</td><td><a href=\"http://hl7.org/fhir/R5/codesystem-concept-map-relationship.html#equivalent\" title=\"equivalent\">is equivalent to</a></td><td>Basic</td></tr><tr><td>BiologicallyDerivedProduct</td><td><a href=\"http://hl7.org/fhir/R5/codesystem-concept-map-relationship.html#equivalent\" title=\"equivalent\">is equivalent to</a></td><td>BiologicallyDerivedProduct</td></tr><tr><td>BodyStructure</td><td><a href=\"http://hl7.org/fhir/R5/codesystem-concept-map-relationship.html#equivalent\" title=\"equivalent\">is equivalent to</a></td><td>BodyStructure</td></tr><tr><td>CapabilityStatement</td><td><a href=\"http://hl7.org/fhir/R5/codesystem-concept-map-relationship.html#equivalent\" title=\"equivalent\">is equivalent to</a></td><td>CapabilityStatement</td></tr><tr><td>CarePlan</td><td><a href=\"http://hl7.org/fhir/R5/codesystem-concept-map-relationship.html#equivalent\" title=\"equivalent\">is equivalent to</a></td><td>CarePlan</td></tr><tr><td>CareTeam</td><td><a href=\"http://hl7.org/fhir/R5/codesystem-concept-map-relationship.html#equivalent\" title=\"equivalent\">is equivalent to</a></td><td>CareTeam</td></tr><tr><td>CatalogEntry</td><td colspan=\"2\" style=\"background-color: #efefef\">(not mapped)</td></tr><tr><td>ChargeItem</td><td><a href=\"http://hl7.org/fhir/R5/codesystem-concept-map-relationship.html#equivalent\" title=\"equivalent\">is equivalent to</a></td><td>ChargeItem</td></tr><tr><td>ChargeItemDefinition</td><td><a href=\"http://hl7.org/fhir/R5/codesystem-concept-map-relationship.html#equivalent\" title=\"equivalent\">is equivalent to</a></td><td>ChargeItemDefinition</td></tr><tr><td>Claim</td><td><a href=\"http://hl7.org/fhir/R5/codesystem-concept-map-relationship.html#equivalent\" title=\"equivalent\">is equivalent to</a></td><td>Claim</td></tr><tr><td>ClaimResponse</td><td><a href=\"http://hl7.org/fhir/R5/codesystem-concept-map-relationship.html#equivalent\" title=\"equivalent\">is equivalent to</a></td><td>ClaimResponse</td></tr><tr><td>ClinicalImpression</td><td><a href=\"http://hl7.org/fhir/R5/codesystem-concept-map-relationship.html#equivalent\" title=\"equivalent\">is equivalent to</a></td><td>ClinicalImpression</td></tr><tr><td>CodeSystem</td><td><a href=\"http://hl7.org/fhir/R5/codesystem-concept-map-relationship.html#equivalent\" title=\"equivalent\">is equivalent to</a></td><td>CodeSystem</td></tr><tr><td>Communication</td><td><a href=\"http://hl7.org/fhir/R5/codesystem-concept-map-relationship.html#equivalent\" title=\"equivalent\">is equivalent to</a></td><td>Communication</td></tr><tr><td>CommunicationRequest</td><td><a href=\"http://hl7.org/fhir/R5/codesystem-concept-map-relationship.html#equivalent\" title=\"equivalent\">is equivalent to</a></td><td>CommunicationRequest</td></tr><tr><td>CompartmentDefinition</td><td><a href=\"http://hl7.org/fhir/R5/codesystem-concept-map-relationship.html#equivalent\" title=\"equivalent\">is equivalent to</a></td><td>CompartmentDefinition</td></tr><tr><td>Composition</td><td><a href=\"http://hl7.org/fhir/R5/codesystem-concept-map-relationship.html#equivalent\" title=\"equivalent\">is equivalent to</a></td><td>Composition</td></tr><tr><td>ConceptMap</td><td><a href=\"http://hl7.org/fhir/R5/codesystem-concept-map-relationship.html#equivalent\" title=\"equivalent\">is equivalent to</a></td><td>ConceptMap</td></tr><tr><td>Condition</td><td><a href=\"http://hl7.org/fhir/R5/codesystem-concept-map-relationship.html#equivalent\" title=\"equivalent\">is equivalent to</a></td><td>Condition</td></tr><tr><td>Consent</td><td><a href=\"http://hl7.org/fhir/R5/codesystem-concept-map-relationship.html#equivalent\" title=\"equivalent\">is equivalent to</a></td><td>Consent</td></tr><tr><td>Contract</td><td><a href=\"http://hl7.org/fhir/R5/codesystem-concept-map-relationship.html#equivalent\" title=\"equivalent\">is equivalent to</a></td><td>Contract</td></tr><tr><td>Coverage</td><td><a href=\"http://hl7.org/fhir/R5/codesystem-concept-map-relationship.html#equivalent\" title=\"equivalent\">is equivalent to</a></td><td>Coverage</td></tr><tr><td>CoverageEligibilityRequest</td><td><a href=\"http://hl7.org/fhir/R5/codesystem-concept-map-relationship.html#equivalent\" title=\"equivalent\">is equivalent to</a></td><td>CoverageEligibilityRequest</td></tr><tr><td>CoverageEligibilityResponse</td><td><a href=\"http://hl7.org/fhir/R5/codesystem-concept-map-relationship.html#equivalent\" title=\"equivalent\">is equivalent to</a></td><td>CoverageEligibilityResponse</td></tr><tr><td>DetectedIssue</td><td><a href=\"http://hl7.org/fhir/R5/codesystem-concept-map-relationship.html#equivalent\" title=\"equivalent\">is equivalent to</a></td><td>DetectedIssue</td></tr><tr><td>Device</td><td><a href=\"http://hl7.org/fhir/R5/codesystem-concept-map-relationship.html#equivalent\" title=\"equivalent\">is equivalent to</a></td><td>Device</td></tr><tr><td>DeviceDefinition</td><td><a href=\"http://hl7.org/fhir/R5/codesystem-concept-map-relationship.html#equivalent\" title=\"equivalent\">is equivalent to</a></td><td>DeviceDefinition</td></tr><tr><td>DeviceMetric</td><td><a href=\"http://hl7.org/fhir/R5/codesystem-concept-map-relationship.html#equivalent\" title=\"equivalent\">is equivalent to</a></td><td>DeviceMetric</td></tr><tr><td>DeviceRequest</td><td><a href=\"http://hl7.org/fhir/R5/codesystem-concept-map-relationship.html#equivalent\" title=\"equivalent\">is equivalent to</a></td><td>DeviceRequest</td></tr><tr><td>DeviceUseStatement</td><td><a href=\"http://hl7.org/fhir/R5/codesystem-concept-map-relationship.html#equivalent\" title=\"equivalent\">is equivalent to</a></td><td>DeviceUsage</td></tr><tr><td>DiagnosticReport</td><td><a href=\"http://hl7.org/fhir/R5/codesystem-concept-map-relationship.html#equivalent\" title=\"equivalent\">is equivalent to</a></td><td>DiagnosticReport</td></tr><tr><td>DocumentManifest</td><td colspan=\"2\" style=\"background-color: #efefef\">(not mapped)</td></tr><tr><td>DocumentReference</td><td><a href=\"http://hl7.org/fhir/R5/codesystem-concept-map-relationship.html#equivalent\" title=\"equivalent\">is equivalent to</a></td><td>DocumentReference</td></tr><tr><td>Encounter</td><td><a href=\"http://hl7.org/fhir/R5/codesystem-concept-map-relationship.html#equivalent\" title=\"equivalent\">is equivalent to</a></td><td>Encounter</td></tr><tr><td>Endpoint</td><td><a href=\"http://hl7.org/fhir/R5/codesystem-concept-map-relationship.html#equivalent\" title=\"equivalent\">is equivalent to</a></td><td>Endpoint</td></tr><tr><td>EnrollmentRequest</td><td><a href=\"http://hl7.org/fhir/R5/codesystem-concept-map-relationship.html#equivalent\" title=\"equivalent\">is equivalent to</a></td><td>EnrollmentRequest</td></tr><tr><td>EnrollmentResponse</td><td><a href=\"http://hl7.org/fhir/R5/codesystem-concept-map-relationship.html#equivalent\" title=\"equivalent\">is equivalent to</a></td><td>EnrollmentResponse</td></tr><tr><td>EpisodeOfCare</td><td><a href=\"http://hl7.org/fhir/R5/codesystem-concept-map-relationship.html#equivalent\" title=\"equivalent\">is equivalent to</a></td><td>EpisodeOfCare</td></tr><tr><td>EventDefinition</td><td><a href=\"http://hl7.org/fhir/R5/codesystem-concept-map-relationship.html#equivalent\" title=\"equivalent\">is equivalent to</a></td><td>EventDefinition</td></tr><tr><td>Evidence</td><td><a href=\"http://hl7.org/fhir/R5/codesystem-concept-map-relationship.html#equivalent\" title=\"equivalent\">is equivalent to</a></td><td>Evidence</td></tr><tr><td>EvidenceVariable</td><td><a href=\"http://hl7.org/fhir/R5/codesystem-concept-map-relationship.html#equivalent\" title=\"equivalent\">is equivalent to</a></td><td>EvidenceVariable</td></tr><tr><td>ExampleScenario</td><td><a href=\"http://hl7.org/fhir/R5/codesystem-concept-map-relationship.html#equivalent\" title=\"equivalent\">is equivalent to</a></td><td>ExampleScenario</td></tr><tr><td>ExplanationOfBenefit</td><td><a href=\"http://hl7.org/fhir/R5/codesystem-concept-map-relationship.html#equivalent\" title=\"equivalent\">is equivalent to</a></td><td>ExplanationOfBenefit</td></tr><tr><td>FamilyMemberHistory</td><td><a href=\"http://hl7.org/fhir/R5/codesystem-concept-map-relationship.html#equivalent\" title=\"equivalent\">is equivalent to</a></td><td>FamilyMemberHistory</td></tr><tr><td>Flag</td><td><a href=\"http://hl7.org/fhir/R5/codesystem-concept-map-relationship.html#equivalent\" title=\"equivalent\">is equivalent to</a></td><td>Flag</td></tr><tr><td>Goal</td><td><a href=\"http://hl7.org/fhir/R5/codesystem-concept-map-relationship.html#equivalent\" title=\"equivalent\">is equivalent to</a></td><td>Goal</td></tr><tr><td>GraphDefinition</td><td><a href=\"http://hl7.org/fhir/R5/codesystem-concept-map-relationship.html#equivalent\" title=\"equivalent\">is equivalent to</a></td><td>GraphDefinition</td></tr><tr><td>Group</td><td><a href=\"http://hl7.org/fhir/R5/codesystem-concept-map-relationship.html#equivalent\" title=\"equivalent\">is equivalent to</a></td><td>Group</td></tr><tr><td>GuidanceResponse</td><td><a href=\"http://hl7.org/fhir/R5/codesystem-concept-map-relationship.html#equivalent\" title=\"equivalent\">is equivalent to</a></td><td>GuidanceResponse</td></tr><tr><td>HealthcareService</td><td><a href=\"http://hl7.org/fhir/R5/codesystem-concept-map-relationship.html#equivalent\" title=\"equivalent\">is equivalent to</a></td><td>HealthcareService</td></tr><tr><td>ImagingStudy</td><td><a href=\"http://hl7.org/fhir/R5/codesystem-concept-map-relationship.html#equivalent\" title=\"equivalent\">is equivalent to</a></td><td>ImagingStudy</td></tr><tr><td>Immunization</td><td><a href=\"http://hl7.org/fhir/R5/codesystem-concept-map-relationship.html#equivalent\" title=\"equivalent\">is equivalent to</a></td><td>Immunization</td></tr><tr><td>ImmunizationEvaluation</td><td><a href=\"http://hl7.org/fhir/R5/codesystem-concept-map-relationship.html#equivalent\" title=\"equivalent\">is equivalent to</a></td><td>ImmunizationEvaluation</td></tr><tr><td>ImmunizationRecommendation</td><td><a href=\"http://hl7.org/fhir/R5/codesystem-concept-map-relationship.html#equivalent\" title=\"equivalent\">is equivalent to</a></td><td>ImmunizationRecommendation</td></tr><tr><td>ImplementationGuide</td><td><a href=\"http://hl7.org/fhir/R5/codesystem-concept-map-relationship.html#equivalent\" title=\"equivalent\">is equivalent to</a></td><td>ImplementationGuide</td></tr><tr><td>InsurancePlan</td><td><a href=\"http://hl7.org/fhir/R5/codesystem-concept-map-relationship.html#equivalent\" title=\"equivalent\">is equivalent to</a></td><td>InsurancePlan</td></tr><tr><td>Invoice</td><td><a href=\"http://hl7.org/fhir/R5/codesystem-concept-map-relationship.html#equivalent\" title=\"equivalent\">is equivalent to</a></td><td>Invoice</td></tr><tr><td>Library</td><td><a href=\"http://hl7.org/fhir/R5/codesystem-concept-map-relationship.html#equivalent\" title=\"equivalent\">is equivalent to</a></td><td>Library</td></tr><tr><td>Linkage</td><td><a href=\"http://hl7.org/fhir/R5/codesystem-concept-map-relationship.html#equivalent\" title=\"equivalent\">is equivalent to</a></td><td>Linkage</td></tr><tr><td>List</td><td><a href=\"http://hl7.org/fhir/R5/codesystem-concept-map-relationship.html#equivalent\" title=\"equivalent\">is equivalent to</a></td><td>List</td></tr><tr><td>Location</td><td><a href=\"http://hl7.org/fhir/R5/codesystem-concept-map-relationship.html#equivalent\" title=\"equivalent\">is equivalent to</a></td><td>Location</td></tr><tr><td>Measure</td><td><a href=\"http://hl7.org/fhir/R5/codesystem-concept-map-relationship.html#equivalent\" title=\"equivalent\">is equivalent to</a></td><td>Measure</td></tr><tr><td>MeasureReport</td><td><a href=\"http://hl7.org/fhir/R5/codesystem-concept-map-relationship.html#equivalent\" title=\"equivalent\">is equivalent to</a></td><td>MeasureReport</td></tr><tr><td>Media</td><td colspan=\"2\" style=\"background-color: #efefef\">(not mapped)</td></tr><tr><td>Medication</td><td><a href=\"http://hl7.org/fhir/R5/codesystem-concept-map-relationship.html#equivalent\" title=\"equivalent\">is equivalent to</a></td><td>Medication</td></tr><tr><td>MedicationAdministration</td><td><a href=\"http://hl7.org/fhir/R5/codesystem-concept-map-relationship.html#equivalent\" title=\"equivalent\">is equivalent to</a></td><td>MedicationAdministration</td></tr><tr><td>MedicationDispense</td><td><a href=\"http://hl7.org/fhir/R5/codesystem-concept-map-relationship.html#equivalent\" title=\"equivalent\">is equivalent to</a></td><td>MedicationDispense</td></tr><tr><td>MedicationKnowledge</td><td><a href=\"http://hl7.org/fhir/R5/codesystem-concept-map-relationship.html#equivalent\" title=\"equivalent\">is equivalent to</a></td><td>MedicationKnowledge</td></tr><tr><td>MedicationRequest</td><td><a href=\"http://hl7.org/fhir/R5/codesystem-concept-map-relationship.html#equivalent\" title=\"equivalent\">is equivalent to</a></td><td>MedicationRequest</td></tr><tr><td>MedicationStatement</td><td><a href=\"http://hl7.org/fhir/R5/codesystem-concept-map-relationship.html#equivalent\" title=\"equivalent\">is equivalent to</a></td><td>MedicationStatement</td></tr><tr><td>MessageDefinition</td><td><a href=\"http://hl7.org/fhir/R5/codesystem-concept-map-relationship.html#equivalent\" title=\"equivalent\">is equivalent to</a></td><td>MessageDefinition</td></tr><tr><td>MessageHeader</td><td><a href=\"http://hl7.org/fhir/R5/codesystem-concept-map-relationship.html#equivalent\" title=\"equivalent\">is equivalent to</a></td><td>MessageHeader</td></tr><tr><td>MolecularSequence</td><td><a href=\"http://hl7.org/fhir/R5/codesystem-concept-map-relationship.html#equivalent\" title=\"equivalent\">is equivalent to</a></td><td>MolecularSequence</td></tr><tr><td>NamingSystem</td><td><a href=\"http://hl7.org/fhir/R5/codesystem-concept-map-relationship.html#equivalent\" title=\"equivalent\">is equivalent to</a></td><td>NamingSystem</td></tr><tr><td>NutritionOrder</td><td><a href=\"http://hl7.org/fhir/R5/codesystem-concept-map-relationship.html#equivalent\" title=\"equivalent\">is equivalent to</a></td><td>NutritionOrder</td></tr><tr><td>Observation</td><td><a href=\"http://hl7.org/fhir/R5/codesystem-concept-map-relationship.html#equivalent\" title=\"equivalent\">is equivalent to</a></td><td>Observation</td></tr><tr><td>OperationDefinition</td><td><a href=\"http://hl7.org/fhir/R5/codesystem-concept-map-relationship.html#equivalent\" title=\"equivalent\">is equivalent to</a></td><td>OperationDefinition</td></tr><tr><td>OperationOutcome</td><td><a href=\"http://hl7.org/fhir/R5/codesystem-concept-map-relationship.html#equivalent\" title=\"equivalent\">is equivalent to</a></td><td>OperationOutcome</td></tr><tr><td>Organization</td><td><a href=\"http://hl7.org/fhir/R5/codesystem-concept-map-relationship.html#equivalent\" title=\"equivalent\">is equivalent to</a></td><td>Organization</td></tr><tr><td>OrganizationAffiliation</td><td><a href=\"http://hl7.org/fhir/R5/codesystem-concept-map-relationship.html#equivalent\" title=\"equivalent\">is equivalent to</a></td><td>OrganizationAffiliation</td></tr><tr><td>Patient</td><td><a href=\"http://hl7.org/fhir/R5/codesystem-concept-map-relationship.html#equivalent\" title=\"equivalent\">is equivalent to</a></td><td>Patient</td></tr><tr><td>PaymentNotice</td><td><a href=\"http://hl7.org/fhir/R5/codesystem-concept-map-relationship.html#equivalent\" title=\"equivalent\">is equivalent to</a></td><td>PaymentNotice</td></tr><tr><td>PaymentReconciliation</td><td><a href=\"http://hl7.org/fhir/R5/codesystem-concept-map-relationship.html#equivalent\" title=\"equivalent\">is equivalent to</a></td><td>PaymentReconciliation</td></tr><tr><td>Person</td><td><a href=\"http://hl7.org/fhir/R5/codesystem-concept-map-relationship.html#equivalent\" title=\"equivalent\">is equivalent to</a></td><td>Person</td></tr><tr><td>PlanDefinition</td><td><a href=\"http://hl7.org/fhir/R5/codesystem-concept-map-relationship.html#equivalent\" title=\"equivalent\">is equivalent to</a></td><td>PlanDefinition</td></tr><tr><td>Practitioner</td><td><a href=\"http://hl7.org/fhir/R5/codesystem-concept-map-relationship.html#equivalent\" title=\"equivalent\">is equivalent to</a></td><td>Practitioner</td></tr><tr><td>PractitionerRole</td><td><a href=\"http://hl7.org/fhir/R5/codesystem-concept-map-relationship.html#equivalent\" title=\"equivalent\">is equivalent to</a></td><td>PractitionerRole</td></tr><tr><td>Procedure</td><td><a href=\"http://hl7.org/fhir/R5/codesystem-concept-map-relationship.html#equivalent\" title=\"equivalent\">is equivalent to</a></td><td>Procedure</td></tr><tr><td>Provenance</td><td><a href=\"http://hl7.org/fhir/R5/codesystem-concept-map-relationship.html#equivalent\" title=\"equivalent\">is equivalent to</a></td><td>Provenance</td></tr><tr><td>Questionnaire</td><td><a href=\"http://hl7.org/fhir/R5/codesystem-concept-map-relationship.html#equivalent\" title=\"equivalent\">is equivalent to</a></td><td>Questionnaire</td></tr><tr><td>QuestionnaireResponse</td><td><a href=\"http://hl7.org/fhir/R5/codesystem-concept-map-relationship.html#equivalent\" title=\"equivalent\">is equivalent to</a></td><td>QuestionnaireResponse</td></tr><tr><td>RelatedPerson</td><td><a href=\"http://hl7.org/fhir/R5/codesystem-concept-map-relationship.html#equivalent\" title=\"equivalent\">is equivalent to</a></td><td>RelatedPerson</td></tr><tr><td>RequestGroup</td><td><a href=\"http://hl7.org/fhir/R5/codesystem-concept-map-relationship.html#equivalent\" title=\"equivalent\">is equivalent to</a></td><td>RequestOrchestration</td></tr><tr><td>ResearchDefinition</td><td colspan=\"2\" style=\"background-color: #efefef\">(not mapped)</td></tr><tr><td>ResearchElementDefinition</td><td colspan=\"2\" style=\"background-color: #efefef\">(not mapped)</td></tr><tr><td>ResearchStudy</td><td><a href=\"http://hl7.org/fhir/R5/codesystem-concept-map-relationship.html#equivalent\" title=\"equivalent\">is equivalent to</a></td><td>ResearchStudy</td></tr><tr><td>ResearchSubject</td><td><a href=\"http://hl7.org/fhir/R5/codesystem-concept-map-relationship.html#equivalent\" title=\"equivalent\">is equivalent to</a></td><td>ResearchSubject</td></tr><tr><td>RiskAssessment</td><td><a href=\"http://hl7.org/fhir/R5/codesystem-concept-map-relationship.html#equivalent\" title=\"equivalent\">is equivalent to</a></td><td>RiskAssessment</td></tr><tr><td>Schedule</td><td><a href=\"http://hl7.org/fhir/R5/codesystem-concept-map-relationship.html#equivalent\" title=\"equivalent\">is equivalent to</a></td><td>Schedule</td></tr><tr><td>SearchParameter</td><td><a href=\"http://hl7.org/fhir/R5/codesystem-concept-map-relationship.html#equivalent\" title=\"equivalent\">is equivalent to</a></td><td>SearchParameter</td></tr><tr><td>ServiceRequest</td><td><a href=\"http://hl7.org/fhir/R5/codesystem-concept-map-relationship.html#equivalent\" title=\"equivalent\">is equivalent to</a></td><td>ServiceRequest</td></tr><tr><td>Slot</td><td><a href=\"http://hl7.org/fhir/R5/codesystem-concept-map-relationship.html#equivalent\" title=\"equivalent\">is equivalent to</a></td><td>Slot</td></tr><tr><td>Specimen</td><td><a href=\"http://hl7.org/fhir/R5/codesystem-concept-map-relationship.html#equivalent\" title=\"equivalent\">is equivalent to</a></td><td>Specimen</td></tr><tr><td>SpecimenDefinition</td><td><a href=\"http://hl7.org/fhir/R5/codesystem-concept-map-relationship.html#equivalent\" title=\"equivalent\">is equivalent to</a></td><td>SpecimenDefinition</td></tr><tr><td>StructureDefinition</td><td><a href=\"http://hl7.org/fhir/R5/codesystem-concept-map-relationship.html#equivalent\" title=\"equivalent\">is equivalent to</a></td><td>StructureDefinition</td></tr><tr><td>StructureMap</td><td><a href=\"http://hl7.org/fhir/R5/codesystem-concept-map-relationship.html#equivalent\" title=\"equivalent\">is equivalent to</a></td><td>StructureMap</td></tr><tr><td>Subscription</td><td><a href=\"http://hl7.org/fhir/R5/codesystem-concept-map-relationship.html#equivalent\" title=\"equivalent\">is equivalent to</a></td><td>Subscription</td></tr><tr><td>Substance</td><td><a href=\"http://hl7.org/fhir/R5/codesystem-concept-map-relationship.html#equivalent\" title=\"equivalent\">is equivalent to</a></td><td>Substance</td></tr><tr><td>SupplyDelivery</td><td><a href=\"http://hl7.org/fhir/R5/codesystem-concept-map-relationship.html#equivalent\" title=\"equivalent\">is equivalent to</a></td><td>SupplyDelivery</td></tr><tr><td>SupplyRequest</td><td><a href=\"http://hl7.org/fhir/R5/codesystem-concept-map-relationship.html#equivalent\" title=\"equivalent\">is equivalent to</a></td><td>SupplyRequest</td></tr><tr><td>Task</td><td><a href=\"http://hl7.org/fhir/R5/codesystem-concept-map-relationship.html#equivalent\" title=\"equivalent\">is equivalent to</a></td><td>Task</td></tr><tr><td>TerminologyCapabilities</td><td><a href=\"http://hl7.org/fhir/R5/codesystem-concept-map-relationship.html#equivalent\" title=\"equivalent\">is equivalent to</a></td><td>TerminologyCapabilities</td></tr><tr><td>TestReport</td><td><a href=\"http://hl7.org/fhir/R5/codesystem-concept-map-relationship.html#equivalent\" title=\"equivalent\">is equivalent to</a></td><td>TestReport</td></tr><tr><td>TestScript</td><td><a href=\"http://hl7.org/fhir/R5/codesystem-concept-map-relationship.html#equivalent\" title=\"equivalent\">is equivalent to</a></td><td>TestScript</td></tr><tr><td>ValueSet</td><td><a href=\"http://hl7.org/fhir/R5/codesystem-concept-map-relationship.html#equivalent\" title=\"equivalent\">is equivalent to</a></td><td>ValueSet</td></tr><tr><td>VerificationResult</td><td><a href=\"http://hl7.org/fhir/R5/codesystem-concept-map-relationship.html#equivalent\" title=\"equivalent\">is equivalent to</a></td><td>VerificationResult</td></tr><tr><td>VisionPrescription</td><td><a href=\"http://hl7.org/fhir/R5/codesystem-concept-map-relationship.html#equivalent\" title=\"equivalent\">is equivalent to</a></td><td>VisionPrescription</td></tr><tr><td>Parameters</td><td><a href=\"http://hl7.org/fhir/R5/codesystem-concept-map-relationship.html#equivalent\" title=\"equivalent\">is equivalent to</a></td><td>Parameters</td></tr></table></div>"},"extension":[{"url":"http://hl7.org/fhir/StructureDefinition/structuredefinition-fmm","valueInteger":1,"_valueInteger":{"extension":[{"url":"http://hl7.org/fhir/StructureDefinition/structuredefinition-conformance-derivedFrom","valueCanonical":"http://hl7.org/fhir/extensions/ImplementationGuide/hl7.fhir.uv.extensions"}]}},{"url":"http://hl7.org/fhir/StructureDefinition/structuredefinition-standards-status","valueCode":"trial-use","_valueCode":{"extension":[{"url":"http://hl7.org/fhir/StructureDefinition/structuredefinition-conformance-derivedFrom","valueCanonical":"http://hl7.org/fhir/extensions/ImplementationGuide/hl7.fhir.uv.extensions"}]}}],"url":"http://hl7.org/fhir/ConceptMap/types4to5","version":"1.0.0","name":"Types4to5","title":"Type Mapping R4 to R5","status":"active","experimental":false,"date":"2023-03-07","publisher":"HL7 International / FHIR Infrastructure","contact":[{"telecom":[{"system":"url","value":"http://hl7.org/Special/committees/fhir-i"}]}],"description":"Type Mapping R54 to R4B","jurisdiction":[{"coding":[{"system":"http://unstats.un.org/unsd/methods/m49/m49.htm","code":"001"}]}],"group":[{"source":"http://hl7.org/fhir/4.0/data-types","target":"http://hl7.org/fhir/fhir-types","element":[{"code":"base64Binary","target":[{"code":"base64Binary","relationship":"equivalent"}]},{"code":"boolean","target":[{"code":"boolean","relationship":"equivalent"}]},{"code":"canonical","target":[{"code":"canonical","relationship":"equivalent"}]},{"code":"code","target":[{"code":"code","relationship":"equivalent"}]},{"code":"date","target":[{"code":"date","relationship":"equivalent"}]},{"code":"dateTime","target":[{"code":"date","relationship":"equivalent"}]},{"code":"decimal","target":[{"code":"decimal","relationship":"equivalent"}]},{"code":"id","target":[{"code":"id","relationship":"equivalent"}]},{"code":"instant","target":[{"code":"instant","relationship":"equivalent"}]},{"code":"integer","target":[{"code":"integer","relationship":"equivalent"}]},{"code":"markdown","target":[{"code":"markdown","relationship":"equivalent"}]},{"code":"oid","target":[{"code":"oid","relationship":"equivalent"}]},{"code":"positiveInt","target":[{"code":"positiveInt","relationship":"equivalent"}]},{"code":"string","target":[{"code":"string","relationship":"equivalent"}]},{"code":"time","target":[{"code":"time","relationship":"equivalent"}]},{"code":"unsignedInt","target":[{"code":"unsignedInt","relationship":"equivalent"}]},{"code":"uri","target":[{"code":"uri","relationship":"equivalent"}]},{"code":"url","target":[{"code":"url","relationship":"equivalent"}]},{"code":"uuid","target":[{"code":"uuid","relationship":"equivalent"}]},{"code":"xhtml","target":[{"code":"xhtml","relationship":"equivalent"}]},{"code":"Address","target":[{"code":"Address","relationship":"equivalent"}]},{"code":"Age","target":[{"code":"Age","relationship":"equivalent"}]},{"code":"Annotation","target":[{"code":"Annotation","relationship":"equivalent"}]},{"code":"Attachment","target":[{"code":"Attachment","relationship":"equivalent"}]},{"code":"BackboneElement","target":[{"code":"BackboneElement","relationship":"equivalent"}]},{"code":"CodeableConcept","target":[{"code":"CodeableConcept","relationship":"equivalent"}]},{"code":"Coding","target":[{"code":"Coding","relationship":"equivalent"}]},{"code":"ContactDetail","target":[{"code":"ContactDetail","relationship":"equivalent"}]},{"code":"ContactPoint","target":[{"code":"ContactPoint","relationship":"equivalent"}]},{"code":"Contributor","target":[{"code":"Contributor","relationship":"equivalent"}]},{"code":"Count","target":[{"code":"Count","relationship":"equivalent"}]},{"code":"DataRequirement","target":[{"code":"DataRequirement","relationship":"equivalent"}]},{"code":"Distance","target":[{"code":"Distance","relationship":"equivalent"}]},{"code":"Dosage","target":[{"code":"Dosage","relationship":"equivalent"}]},{"code":"Duration","target":[{"code":"Duration","relationship":"equivalent"}]},{"code":"Element","target":[{"code":"Element","relationship":"equivalent"}]},{"code":"ElementDefinition","target":[{"code":"ElementDefinition","relationship":"equivalent"}]},{"code":"Expression","target":[{"code":"Expression","relationship":"equivalent"}]},{"code":"Extension","target":[{"code":"Extension","relationship":"equivalent"}]},{"code":"HumanName","target":[{"code":"HumanName","relationship":"equivalent"}]},{"code":"Identifier","target":[{"code":"Identifier","relationship":"equivalent"}]},{"code":"MarketingStatus","target":[{"code":"MarketingStatus","relationship":"equivalent"}]},{"code":"Meta","target":[{"code":"Meta","relationship":"equivalent"}]},{"code":"Money","target":[{"code":"Money","relationship":"equivalent"}]},{"code":"MoneyQuantity","noMap":true},{"code":"Narrative","target":[{"code":"Narrative","relationship":"equivalent"}]},{"code":"ParameterDefinition","target":[{"code":"ParameterDefinition","relationship":"equivalent"}]},{"code":"Period","target":[{"code":"Period","relationship":"equivalent"}]},{"code":"Population","noMap":true},{"code":"ProdCharacteristic","noMap":true},{"code":"ProductShelfLife","target":[{"code":"ProductShelfLife","relationship":"equivalent"}]},{"code":"Quantity","target":[{"code":"Quantity","relationship":"equivalent"}]},{"code":"Range","target":[{"code":"Range","relationship":"equivalent"}]},{"code":"Ratio","target":[{"code":"Ratio","relationship":"equivalent"}]},{"code":"Reference","target":[{"code":"Reference","relationship":"equivalent"}]},{"code":"RelatedArtifact","target":[{"code":"RelatedArtifact","relationship":"equivalent"}]},{"code":"SampledData","target":[{"code":"SampledData","relationship":"equivalent"}]},{"code":"Signature","target":[{"code":"Signature","relationship":"equivalent"}]},{"code":"SubstanceAmount","noMap":true},{"code":"Timing","target":[{"code":"Timing","relationship":"equivalent"}]},{"code":"TriggerDefinition","target":[{"code":"TriggerDefinition","relationship":"equivalent"}]},{"code":"UsageContext","target":[{"code":"UsageContext","relationship":"equivalent"}]}]},{"source":"http://hl7.org/fhir/4.0/abstract-types","target":"http://hl7.org/fhir/fhir-types","element":[{"code":"Type","target":[{"code":"DataType","relationship":"equivalent"}]},{"code":"Any","target":[{"code":"Resource","relationship":"equivalent"}]}]},{"source":"http://hl7.org/fhir/4.0/resource-types","target":"http://hl7.org/fhir/fhir-types","element":[{"code":"Resource","target":[{"code":"Resource","relationship":"equivalent"}]},{"code":"Binary","target":[{"code":"Binary","relationship":"equivalent"}]},{"code":"Bundle","target":[{"code":"Bundle","relationship":"equivalent"}]},{"code":"DomainResource","target":[{"code":"DomainResource","relationship":"equivalent"}]},{"code":"Account","target":[{"code":"Account","relationship":"equivalent"}]},{"code":"ActivityDefinition","target":[{"code":"ActivityDefinition","relationship":"equivalent"}]},{"code":"AdverseEvent","target":[{"code":"AdverseEvent","relationship":"equivalent"}]},{"code":"AllergyIntolerance","target":[{"code":"AllergyIntolerance","relationship":"equivalent"}]},{"code":"Appointment","target":[{"code":"Appointment","relationship":"equivalent"}]},{"code":"AppointmentResponse","target":[{"code":"AppointmentResponse","relationship":"equivalent"}]},{"code":"AuditEvent","target":[{"code":"AuditEvent","relationship":"equivalent"}]},{"code":"Basic","target":[{"code":"Basic","relationship":"equivalent"}]},{"code":"BiologicallyDerivedProduct","target":[{"code":"BiologicallyDerivedProduct","relationship":"equivalent"}]},{"code":"BodyStructure","target":[{"code":"BodyStructure","relationship":"equivalent"}]},{"code":"CapabilityStatement","target":[{"code":"CapabilityStatement","relationship":"equivalent"}]},{"code":"CarePlan","target":[{"code":"CarePlan","relationship":"equivalent"}]},{"code":"CareTeam","target":[{"code":"CareTeam","relationship":"equivalent"}]},{"code":"CatalogEntry","noMap":true},{"code":"ChargeItem","target":[{"code":"ChargeItem","relationship":"equivalent"}]},{"code":"ChargeItemDefinition","target":[{"code":"ChargeItemDefinition","relationship":"equivalent"}]},{"code":"Claim","target":[{"code":"Claim","relationship":"equivalent"}]},{"code":"ClaimResponse","target":[{"code":"ClaimResponse","relationship":"equivalent"}]},{"code":"ClinicalImpression","target":[{"code":"ClinicalImpression","relationship":"equivalent"}]},{"code":"CodeSystem","target":[{"code":"CodeSystem","relationship":"equivalent"}]},{"code":"Communication","target":[{"code":"Communication","relationship":"equivalent"}]},{"code":"CommunicationRequest","target":[{"code":"CommunicationRequest","relationship":"equivalent"}]},{"code":"CompartmentDefinition","target":[{"code":"CompartmentDefinition","relationship":"equivalent"}]},{"code":"Composition","target":[{"code":"Composition","relationship":"equivalent"}]},{"code":"ConceptMap","target":[{"code":"ConceptMap","relationship":"equivalent"}]},{"code":"Condition","target":[{"code":"Condition","relationship":"equivalent"}]},{"code":"Consent","target":[{"code":"Consent","relationship":"equivalent"}]},{"code":"Contract","target":[{"code":"Contract","relationship":"equivalent"}]},{"code":"Coverage","target":[{"code":"Coverage","relationship":"equivalent"}]},{"code":"CoverageEligibilityRequest","target":[{"code":"CoverageEligibilityRequest","relationship":"equivalent"}]},{"code":"CoverageEligibilityResponse","target":[{"code":"CoverageEligibilityResponse","relationship":"equivalent"}]},{"code":"DetectedIssue","target":[{"code":"DetectedIssue","relationship":"equivalent"}]},{"code":"Device","target":[{"code":"Device","relationship":"equivalent"}]},{"code":"DeviceDefinition","target":[{"code":"DeviceDefinition","relationship":"equivalent"}]},{"code":"DeviceMetric","target":[{"code":"DeviceMetric","relationship":"equivalent"}]},{"code":"DeviceRequest","target":[{"code":"DeviceRequest","relationship":"equivalent"}]},{"code":"DeviceUseStatement","target":[{"code":"DeviceUsage","relationship":"equivalent"}]},{"code":"DiagnosticReport","target":[{"code":"DiagnosticReport","relationship":"equivalent"}]},{"code":"DocumentManifest","noMap":true},{"code":"DocumentReference","target":[{"code":"DocumentReference","relationship":"equivalent"}]},{"code":"Encounter","target":[{"code":"Encounter","relationship":"equivalent"}]},{"code":"Endpoint","target":[{"code":"Endpoint","relationship":"equivalent"}]},{"code":"EnrollmentRequest","target":[{"code":"EnrollmentRequest","relationship":"equivalent"}]},{"code":"EnrollmentResponse","target":[{"code":"EnrollmentResponse","relationship":"equivalent"}]},{"code":"EpisodeOfCare","target":[{"code":"EpisodeOfCare","relationship":"equivalent"}]},{"code":"EventDefinition","target":[{"code":"EventDefinition","relationship":"equivalent"}]},{"code":"Evidence","target":[{"code":"Evidence","relationship":"equivalent"}]},{"code":"EvidenceVariable","target":[{"code":"EvidenceVariable","relationship":"equivalent"}]},{"code":"ExampleScenario","target":[{"code":"ExampleScenario","relationship":"equivalent"}]},{"code":"ExplanationOfBenefit","target":[{"code":"ExplanationOfBenefit","relationship":"equivalent"}]},{"code":"FamilyMemberHistory","target":[{"code":"FamilyMemberHistory","relationship":"equivalent"}]},{"code":"Flag","target":[{"code":"Flag","relationship":"equivalent"}]},{"code":"Goal","target":[{"code":"Goal","relationship":"equivalent"}]},{"code":"GraphDefinition","target":[{"code":"GraphDefinition","relationship":"equivalent"}]},{"code":"Group","target":[{"code":"Group","relationship":"equivalent"}]},{"code":"GuidanceResponse","target":[{"code":"GuidanceResponse","relationship":"equivalent"}]},{"code":"HealthcareService","target":[{"code":"HealthcareService","relationship":"equivalent"}]},{"code":"ImagingStudy","target":[{"code":"ImagingStudy","relationship":"equivalent"}]},{"code":"Immunization","target":[{"code":"Immunization","relationship":"equivalent"}]},{"code":"ImmunizationEvaluation","target":[{"code":"ImmunizationEvaluation","relationship":"equivalent"}]},{"code":"ImmunizationRecommendation","target":[{"code":"ImmunizationRecommendation","relationship":"equivalent"}]},{"code":"ImplementationGuide","target":[{"code":"ImplementationGuide","relationship":"equivalent"}]},{"code":"InsurancePlan","target":[{"code":"InsurancePlan","relationship":"equivalent"}]},{"code":"Invoice","target":[{"code":"Invoice","relationship":"equivalent"}]},{"code":"Library","target":[{"code":"Library","relationship":"equivalent"}]},{"code":"Linkage","target":[{"code":"Linkage","relationship":"equivalent"}]},{"code":"List","target":[{"code":"List","relationship":"equivalent"}]},{"code":"Location","target":[{"code":"Location","relationship":"equivalent"}]},{"code":"Measure","target":[{"code":"Measure","relationship":"equivalent"}]},{"code":"MeasureReport","target":[{"code":"MeasureReport","relationship":"equivalent"}]},{"code":"Media","noMap":true},{"code":"Medication","target":[{"code":"Medication","relationship":"equivalent"}]},{"code":"MedicationAdministration","target":[{"code":"MedicationAdministration","relationship":"equivalent"}]},{"code":"MedicationDispense","target":[{"code":"MedicationDispense","relationship":"equivalent"}]},{"code":"MedicationKnowledge","target":[{"code":"MedicationKnowledge","relationship":"equivalent"}]},{"code":"MedicationRequest","target":[{"code":"MedicationRequest","relationship":"equivalent"}]},{"code":"MedicationStatement","target":[{"code":"MedicationStatement","relationship":"equivalent"}]},{"code":"MessageDefinition","target":[{"code":"MessageDefinition","relationship":"equivalent"}]},{"code":"MessageHeader","target":[{"code":"MessageHeader","relationship":"equivalent"}]},{"code":"MolecularSequence","target":[{"code":"MolecularSequence","relationship":"equivalent"}]},{"code":"NamingSystem","target":[{"code":"NamingSystem","relationship":"equivalent"}]},{"code":"NutritionOrder","target":[{"code":"NutritionOrder","relationship":"equivalent"}]},{"code":"Observation","target":[{"code":"Observation","relationship":"equivalent"}]},{"code":"OperationDefinition","target":[{"code":"OperationDefinition","relationship":"equivalent"}]},{"code":"OperationOutcome","target":[{"code":"OperationOutcome","relationship":"equivalent"}]},{"code":"Organization","target":[{"code":"Organization","relationship":"equivalent"}]},{"code":"OrganizationAffiliation","target":[{"code":"OrganizationAffiliation","relationship":"equivalent"}]},{"code":"Patient","target":[{"code":"Patient","relationship":"equivalent"}]},{"code":"PaymentNotice","target":[{"code":"PaymentNotice","relationship":"equivalent"}]},{"code":"PaymentReconciliation","target":[{"code":"PaymentReconciliation","relationship":"equivalent"}]},{"code":"Person","target":[{"code":"Person","relationship":"equivalent"}]},{"code":"PlanDefinition","target":[{"code":"PlanDefinition","relationship":"equivalent"}]},{"code":"Practitioner","target":[{"code":"Practitioner","relationship":"equivalent"}]},{"code":"PractitionerRole","target":[{"code":"PractitionerRole","relationship":"equivalent"}]},{"code":"Procedure","target":[{"code":"Procedure","relationship":"equivalent"}]},{"code":"Provenance","target":[{"code":"Provenance","relationship":"equivalent"}]},{"code":"Questionnaire","target":[{"code":"Questionnaire","relationship":"equivalent"}]},{"code":"QuestionnaireResponse","target":[{"code":"QuestionnaireResponse","relationship":"equivalent"}]},{"code":"RelatedPerson","target":[{"code":"RelatedPerson","relationship":"equivalent"}]},{"code":"RequestGroup","target":[{"code":"RequestOrchestration","relationship":"equivalent"}]},{"code":"ResearchDefinition","noMap":true},{"code":"ResearchElementDefinition","noMap":true},{"code":"ResearchStudy","target":[{"code":"ResearchStudy","relationship":"equivalent"}]},{"code":"ResearchSubject","target":[{"code":"ResearchSubject","relationship":"equivalent"}]},{"code":"RiskAssessment","target":[{"code":"RiskAssessment","relationship":"equivalent"}]},{"code":"Schedule","target":[{"code":"Schedule","relationship":"equivalent"}]},{"code":"SearchParameter","target":[{"code":"SearchParameter","relationship":"equivalent"}]},{"code":"ServiceRequest","target":[{"code":"ServiceRequest","relationship":"equivalent"}]},{"code":"Slot","target":[{"code":"Slot","relationship":"equivalent"}]},{"code":"Specimen","target":[{"code":"Specimen","relationship":"equivalent"}]},{"code":"SpecimenDefinition","target":[{"code":"SpecimenDefinition","relationship":"equivalent"}]},{"code":"StructureDefinition","target":[{"code":"StructureDefinition","relationship":"equivalent"}]},{"code":"StructureMap","target":[{"code":"StructureMap","relationship":"equivalent"}]},{"code":"Subscription","target":[{"code":"Subscription","relationship":"equivalent"}]},{"code":"Substance","target":[{"code":"Substance","relationship":"equivalent"}]},{"code":"SupplyDelivery","target":[{"code":"SupplyDelivery","relationship":"equivalent"}]},{"code":"SupplyRequest","target":[{"code":"SupplyRequest","relationship":"equivalent"}]},{"code":"Task","target":[{"code":"Task","relationship":"equivalent"}]},{"code":"TerminologyCapabilities","target":[{"code":"TerminologyCapabilities","relationship":"equivalent"}]},{"code":"TestReport","target":[{"code":"TestReport","relationship":"equivalent"}]},{"code":"TestScript","target":[{"code":"TestScript","relationship":"equivalent"}]},{"code":"ValueSet","target":[{"code":"ValueSet","relationship":"equivalent"}]},{"code":"VerificationResult","target":[{"code":"VerificationResult","relationship":"equivalent"}]},{"code":"VisionPrescription","target":[{"code":"VisionPrescription","relationship":"equivalent"}]},{"code":"Parameters","target":[{"code":"Parameters","relationship":"equivalent"}]}]}]}