{"resourceType":"SearchParameter","id":"workflow-researchStudy","text":{"status":"generated","div":"<div xmlns=\"http://www.w3.org/1999/xhtml\"><h2>ResearchStudySearchParameter <a style=\"padding-left: 3px; padding-right: 3px; border: 1px grey solid; font-weight: bold; color: black; background-color: #efefef\" href=\"http://hl7.org/fhir/R5/versions.html#std-process\" title=\"Standards Status = Draft\">D</a></h2><p>Parameter <code>researchStudy</code>:<code>reference</code></p><div><p>SearchParameter for Research Study Extension</p>\n</div><table class=\"grid\"><tr><td>Resources</td><td><a href=\"http://hl7.org/fhir/R5/composition.html\">Composition</a>, <a href=\"http://hl7.org/fhir/R5/consent.html\">Consent</a>, <a href=\"http://hl7.org/fhir/R5/deviceusage.html\">DeviceUsage</a>, <a href=\"http://hl7.org/fhir/R5/diagnosticreport.html\">DiagnosticReport</a>, <a href=\"http://hl7.org/fhir/R5/encounter.html\">Encounter</a>, <a href=\"http://hl7.org/fhir/R5/familymemberhistory.html\">FamilyMemberHistory</a>, <a href=\"http://hl7.org/fhir/R5/immunization.html\">Immunization</a>, <a href=\"http://hl7.org/fhir/R5/documentreference.html\">DocumentReference</a>, <a href=\"http://hl7.org/fhir/R5/medicationadministration.html\">MedicationAdministration</a>, <a href=\"http://hl7.org/fhir/R5/medicationdispense.html\">MedicationDispense</a>, <a href=\"http://hl7.org/fhir/R5/medicationstatement.html\">MedicationStatement</a>, <a href=\"http://hl7.org/fhir/R5/observation.html\">Observation</a>, <a href=\"http://hl7.org/fhir/R5/procedure.html\">Procedure</a>, <a href=\"http://hl7.org/fhir/R5/questionnaireresponse.html\">QuestionnaireResponse</a>, <a href=\"http://hl7.org/fhir/R5/riskassessment.html\">RiskAssessment</a>, <a href=\"http://hl7.org/fhir/R5/servicerequest.html\">ServiceRequest</a>, <a href=\"http://hl7.org/fhir/R5/supplydelivery.html\">SupplyDelivery</a>, <a href=\"http://hl7.org/fhir/R5/task.html\">Task</a></td></tr><tr><td>Expression</td><td><code>CodeSystem.extension('http://hl7.org/fhir/StructureDefinition/workflow-researchStudy').value</code></td></tr><tr><td>Processing Mode</td><td>Normal</td></tr><tr><td>Multiples</td><td>The parameter cannot repeat or have multiple values</td></tr></table></div>"},"extension":[{"url":"http://hl7.org/fhir/StructureDefinition/structuredefinition-standards-status","valueCode":"draft"}],"url":"http://hl7.org/fhir/SearchParameter/workflow-researchStudy","version":"1.0.0","name":"ResearchStudySearchParameter","title":"Research Study SearchParameter","status":"draft","experimental":true,"date":"2023-03-26T08:47:34+11:00","publisher":"HL7 International / FHIR Infrastructure","contact":[{"telecom":[{"system":"url","value":"http://hl7.org/Special/committees/fhir-i"}]}],"description":"SearchParameter for Research Study Extension","jurisdiction":[{"coding":[{"system":"http://unstats.un.org/unsd/methods/m49/m49.htm","code":"001"}]}],"code":"researchStudy","base":["Composition","Consent","DeviceUsage","DiagnosticReport","Encounter","FamilyMemberHistory","Immunization","DocumentReference","MedicationAdministration","MedicationDispense","MedicationStatement","Observation","Procedure","QuestionnaireResponse","RiskAssessment","ServiceRequest","SupplyDelivery","Task"],"type":"reference","expression":"CodeSystem.extension('http://hl7.org/fhir/StructureDefinition/workflow-researchStudy').value","processingMode":"normal"}